title,link,content
"[블랙야크, 플로깅 활동 인증 '그린야크 챌린지' 성료]",https://n.news.naver.com/mnews/article/421/0006256372?sid=101,"[
4000여명 소비자 챌린지 참여



블랙야크 '그린야크 챌린지' 활동(블랙야크 제공).ⓒ 뉴스1(서울=뉴스1) 배지윤 기자 = 블랙야크가 소비자와 함께하는 플로깅 활동 인증 '그린야크 챌린지'를 성황리에 종료했다고 3일 밝혔다.그린야크 챌린지는 브랜드 경영 전반에서 펼치고 있는 블랙야크의 그린야크 친환경 캠페인 일환으로 자연을 사랑하는 개인의 작은 습관이 지속 가능한 지구를 만들 수 있다는 메시지를 전달하기 위해 기획됐다.올 6월 15일부터 지난달 31일까지 47일간 산과 일상에서 쓰레기를 수거하고 국내 최대 규모 산행 커뮤니티 플랫폼 '블랙야크 알파인 클럽'(BAC)과 우리동네 운동 챌린지 공유 앱 '써클인', '인스타그램' 채널을 통해 활동을 인증하는 방법으로 진행됐다.이 기간 약 4000여명의 소비자들이 챌린지에 참여해 산과 거리를 누비며 플로깅 활동을 인증했다. 특히 산에 버려진 쓰레기를 주우며 등산을 하는 BAC '클린 마운틴' 프로그램과 연계한 인증 건수는 9500여건에 이른다.그린야크 챌린지는 시작 전부터 뜨거운 반응이 이어졌다. 산의 정령 캐릭터를 부여한 그린야크 인형과 쓰레기를 담을 수 있는 가가호호망과 장갑 등이 구성된 챌린지 키트를 전달하기 위해 블랙야크는 시작 전 사전 참가자를 모집했고 당시 3000여명이 참여 의사를 밝혔다. 이 키트의 인형 충전재와 가가호호망은 모두 국내 폐페트병을 재활용해 제작됐다.블랙야크 관계자는 ""자연을 사랑하는 소비자들의 적극적인 참여가 이어지며 이번 그린야크 챌린지가 성황리에 종료될 수 있었다""며 ""앞으로도 소비자와 함께 친환경 문화를 조성하고 지속 가능한 지구를 만들 수 있는 다양한 활동을 펼쳐 나갈 것""이라고 말했다.
		]"
"[폴 바셋-진에어, 제주 임직원 플로깅 행사]",https://n.news.naver.com/mnews/article/108/0003075883?sid=004,"[




/사진제공=매일폴 바셋이 지난 1일, 진에어와 함께 제주도에서 임직원 플로깅 행사를 진행했다. 휴가철을 맞아 일상 속 환경 보호 실천 문화를 확산하기 위해 제주도에서 임직원들이 플로깅을 진행했다. 플로깅은 스웨덴어 'Plocka upp(줍다)와 영어 jogging(조깅)을 합친 단어로, 쓰레기를 주우면서 산책하는 환경 보호 활동이다.이 날 행사에는 3년 만에 한국을 찾은 바리스타 폴 바셋과 진에어 객실 승무원을 비롯한 양사 임직원 20여명이 참석했다. 폴 바셋과 진에어는 사단법인 제주 올레에서 진행하는 클린 올레 캠페인에 참여하였으며, 폴 바셋 제주 용담 DT점을 시작으로 제주 올레 17길 코스를 따라 쓰레기를 수거하고, 인근 클린 하우스에 분리 배출했다.바리스타 폴 바셋은 ""오랜만에 한국에 방문해 뜻깊은 활동에 참여하게 되어 기쁘다""며, ""앞으로도 고객들과 함께 할 수 있는 다양한 환경 활동에 적극 참여할 것""이라고 밝혔다.
]"
"['세살 버릇 여든까지'···SK이노, 아이 손잡고 친환경 플로깅]",https://n.news.naver.com/mnews/article/008/0004778145?sid=101,"[




/사진=SK이노베이션SK이노베이션이 이번엔 구성원 뿐만 아니라 구성원 자녀들과 함께 친환경 캠페인에 나섰다. SK이노베이션은 자사가 위치한 서울 종로구 SK서린빌딩 내 'SK행복어린이집' 원아들과 학부모(SK이노베이션 등 SK그룹 구성원)들이 청계천 일대를 걸으며 쓰레기를 줍는 플로깅 활동을 이어가고 있다고 2일 밝혔다. SK행복어린이집은 지난 6월부터 매주 하루를 플로깅 데이(Plogging day)로 지정해 참여를 원하는 어린이와 학부모를 대상으로 프로그램을 운영하고 있다. 재생용지 제작, 에코백 만들기 등 다양한 친환경 교육 또한 지속중이다. 플로깅 활동은 SK이노베이션 '산해진미' 친환경 캠페인 일환이다. 산해진미 캠페인은 환경오염 주범인 쓰레기로부터 '산(山)과 바다(海)를 지켜 참으로(眞) 아름다운(美) 지구를 만들자'는 의미를 담았다. SK행복어린이집은 어린이들이 환경보호 중요성을 부모님과 함께 배우고 나아가 직접 실천할 수 있도록 이 행사를 기획했다. 행사에 참석한 어린이와 학부모들은 폐플라스틱과 비닐 등 쓰레기를 줍고 분리수거에 대한 방법을 배우며 환경보호에 대한 중요성을 학습한다. 이현주 SK행복어린이집 원장은 ""어린이집에서 평소 다양한 친환경 교육을 시행 중이라 원아들이 지구 환경에 많은 관심을 갖고 있다""며 ""환경보호를 위한 작은 행동을 꾸준히 실천해나가는 계기를 마련했다고 생각하며 앞으로도 가정과 연계한 다양한 활동을 확대할 예정""이라고말했다. 또 행사에 참석한 SK이노베이션 구성원은 ""아이와 의미있는 시간을 보내며 좋은 추억을 쌓을 수 있어 즐거웠고 아이도 버려진 쓰레기에 더 관심을 갖게 됐다""며 ""더 많은 사람들이 동참해 미래 세대인 우리 아이들에게 아름다운 자연을 넘겨줬으면 좋겠다""고 말했다. 
]"
"[SK이노베이션, 청계천서 어린이집 원아들과 플로깅 활동]",https://n.news.naver.com/mnews/article/005/0001544014?sid=101,"[




SK이노베이션은 ‘산해진미(山海眞美)’ 친환경 캠페인의 일환으로 서울 종로구 SK서린빌딩 SK행복어린이집 원아와 학부모가 청계천 일대에서 ‘플로깅’(조깅을 하며 쓰레기를 줍는 캠페인) 활동을 진행했다고 2일 밝혔다.산해진미 캠페인은 환경오염의 주범인 쓰레기로부터 산과 바다를 지켜 참으로 아름다운 지구를 만들자는 의미를 담고 있다. SK행복어린이집은 지난 6월부터 매주 하루를 플로깅 데이로 지정하고 있다. 원하는 원아와 학부모가 참여한다. 에코백 만들기 등 다양한 친환경 교육도 제공한다.
		]"
"[진에어, 제주 올레 17코스 환경 정화 활동… 플로깅 캠페인 전개]",https://n.news.naver.com/mnews/article/417/0000838756?sid=101,"[




진에어와 폴 바셋 임직원들이 제주 올레 17코스에서 환경 정화 활동을 진행했다. /사진=진에어 진에어는 스페셜티 커피 전문점 폴 바셋과 함께 제주도에서 환경 정화 활동을 진행했다고 2일 밝혔다.이번 활동은 'Be Green Be Happy' 슬로건 아래 진에어 객실승무원, 폴 바셋 바리스타 등 두 회사 임직원 20여명이 모여 조깅을 하면서 동시에 쓰레기를 줍는 플로깅 방식으로 진행됐다. 최연소 월드 바리스타 챔피언 폴 바셋도 함께 참여해 제주도 올레 17코스를 걸으며 각종 쓰레기를 수거했다.두 회사는 환경 보호 캠페인이라는 취지를 살리고자 생분해 비닐장갑, 집게, 재생 나일론 소재의 집게 파우치 등으로 구성된 용품을 활용해 플로깅을 진행했다.진에어와 폴 바셋은 환경 보호 활동 참여를 독려하는 고객 참여형 플로깅 캠페인도 전개한다. 캠페인은 이달 11일부터 9월18일까지 진행되며 누구나 참여 가능하다. 참여 방법은 회사나 집 주변 등에서 자유롭게 플로깅 활동을 완료하고 #진에어, #폴바셋, #그린캠페인 등의 해시태그와 함께 인스타그램 인증사진을 공유하면 된다. 진에어와 폴 바셋은 참여 고객 중 추첨을 통해 국내선 왕복 항공권, 폴 바셋 텀블러를 선물한다. 올바른 플로깅 실천을 돕고자 에코백, 생분해비닐, 바리스타 파우치 등으로 구성된 친환경 플로깅 키트를 진에어의 온라인 쇼핑몰 지니스토어에서 선착순으로 신청 받는다.
]"
"[일회용품 줄인 서울시립대, 서울시 선정 '제로캠퍼스'에]",https://n.news.naver.com/mnews/article/003/0011342838?sid=102,"[




제로 캠퍼스 캠페인 활동을 하는 서울시립대학교 학생들의 모습. 사진 서울시립대학교 *재판매 및 DB 금지[서울=뉴시스]김수연 인턴 기자 = 서울시립대학교(총장 서순탁)가 서울시에서 진행하는 '제로 웨이스트 서울 프로젝트'의 '제로 캠퍼스'로 선정돼 캠퍼스 내 일회용품 사용을 줄이기 위한 활동을 하고 있다고 3일 밝혔다.코로나19에 따른 비대면 소비문화 증가로 대학에서도 일회용품 폐기물이 대량으로 배출되자 서울시립대는 우리 사회가 처한 환경 문제를 해결하기 위해 이러한 활동을 실천하게 됐다고 설명했다.서울시립대 총학생회는 6월 28일 제로 캠퍼스 선언을 시작으로 일회용품 저감 구호를 부착하고 총학생회 집행부 플로깅을 추진했으며, 지난달 26일에는 전체 학생을 대상으로 플로깅을 진행하는 등 일회용품 저감을 위한 다양한 캠페인을 지속적으로 이어나가고 있다. 류창현 총학생회장은 ""교내에서 줍깅(플로깅), 다회용품 인증 SNS 이벤트 등을 통해 환경을 위해 작은 것부터 실천하는 마음을 갖자""고 강조했다. 또 ""친환경 포럼을 개최해 서울시립대 학생들과 제로 캠퍼스의 효과를 극대화할 방법을 토론할 것""이라며 서울시립대학교 제로 캠퍼스에 대한 의지를 표현했다.
]"
"[한진, 이타서울과 플로깅·자원순환체험 활동 진행]",https://n.news.naver.com/mnews/article/629/0000163621?sid=101,"[
CSV 일환으로 실시…친환경·동반성장 가치 실현



한진이 비영리 기부 스타트업 이타서울과 함께 자원순환체험 활동을 하는 '자원순환캠프'를 실시한다. 해당 캠프에서는 걸으며 쓰레기를 줍는 '플로깅', 분리배출 체험, 옷 기부, 빈 용기를 가져가 세제를 담아가는 '리필스테이션' 등의 체험을 할 수 있다. /한진 제공한진이 비영리 기부 스타트업 이타서울과 함께 서울시 내 쓰레기를 줍는 '플로깅'과 자원순환체험 활동을 하는 '자원순환캠프'를 실시한다고 28일 밝혔다.이번 캠프는 이달부터 오는 9월까지 총 5차례 진행되며 CSV(공유가치창출, Creating Shared Value)의 일환으로 진행된다. 참가자들은 걸으면서 쓰레기를 플로깅, 분리배출 체험∙교육, 옷 기부, 리필스테이션(빈 용기를 가져오면 주방‧세탁세제를 담아갈 수 있는 제로 웨이스트 활동), 업사이클링 체험 등 다양한 프로그램을 체험할 수 있다.특히, 플로깅 행사에 필요한 집게, 생분해 봉투, 손수건은 친환경 동행 플랫폼 '그린 온 한진(Green on Hanjin)' 판매수익의 일부를 기부해 마련했다. '그린 온 한진'은 한진이 비용문제, 참여방법 등으로 인해 친환경 활동에 쉽게 동참하지 못하는 1인 창업자와 소상공인을 위해 런칭한 플랫폼이다.자원순환캠프는 광진구(7월 27일), 중랑구(8월 3일), 송파구(8월 17일), 동작구(8월 24일), 서대문구(9월 8일) 등 서울시 다섯 곳에서 진행되며, 초등학생, 중‧고등학생, 성인 등 다양한 연령대의 시민과 함께 프로그램을 꾸릴 예정이다.한진은 자원순환캠프와 함께 지난해 11월부터 CSV 활동과 연계하여 '착한소비' 문화 확산을 위한 '러브 커넥트(Love Connect) 캠페인'을 진행해 오고 있다.먼저 농·수·축산물 판로 확대를 위한 기프트카드 '내지갑속선물'의 판매액 중 장당 1000원을 모금해 비글구조네트워크에 기부하는 '댕댕아, 행복하개 지켜줄개' 캠페인을 진행했으며, 친환경 동행 플랫폼 '그린 온 한진(Green on Hanjin)'에서 친환경 제품 구매 시 구매 금액의 5%를 기부하는 '탄소Bye, 그린Buy' 캠페인을 올해 4월부터 6월까지 실시했다.또 지난 18일부터 진행 중인 '아이들에게 희망을 원클릭' 캠페인을 통해 1인 창업자와 소상공인을 대상으로 2019년 출시한 '원클릭 택배서비스'에서 발생한 수익금 일부, 그리고 임직원 개인 후원을 함께 초록우산어린이재단에 기부하며 착한소비의 가치를 알리고 있다.발로 뛰는 더팩트는 24시간 여러분의 제보를 기다립니다.▶카카오톡: '더팩트제보' 검색▶이메일: jebo@tf.co.kr▶뉴스 홈페이지: http://talk.tf.co.kr/bbs/report/write
]"
"[위니아에이드, '플로깅데이' 실시…ESG 경영 강화]",https://n.news.naver.com/mnews/article/003/0011323442?sid=101,"[
기사내용 요약매월 2회 지역 사회 환경 정화 활동 진행



[서울=뉴시스] 위니아에이드, ESG경영 일환 '플로깅 데이' 캠페인 실시. (사진=위니아에이드 제공) 2022.07.25. photo@newsis.com *재판매 및 DB 금지[서울=뉴시스]동효정 기자 = 위니아에이드가 환경 보호 캠페인 '플로깅 데이(Plogging Day)'를 진행했다.25일 위니아에이드는 '지구와 함께 달립니다'라는 슬로건 아래 임직원이 함께하는 캠페인을 실시했다고 밝혔다. 이번 캠페인은 ESG(환경·사회·지배구조) 경영 실천의 일환으로, 위니아에이드 사옥이 위치한 경기 화성시에서 지역사회 환경 정화에 기여하고 기업의 사회적 책임을 다하기 위해 기획했다. '플로깅'은 스웨덴어의 '플로카 우프(줍다)'와 '조가(달리다)'를 합성해 만든 '플로가(plo-gga)'에서 유래한 용어다. 조깅을 하면서 동시에 쓰레기를 줍는 친환경 운동을 의미한다.이번 캠페인에는 100여 명의 임직원이 참여했다. 비닐봉지와 일회용 장갑 대신 환경 보호 캠페인이라는 취지를 살려 식물성 원료로 만든 100% 생분해 친환경 봉투와 다회용 목장갑, 집게 등으로 구성된 플로깅 용품을 활용해 진행됐다. 임직원들은 위니아에이드 사옥 주변의 봉담 호수공원 및 봉담 초등학교 등을 걸으며 일회용 컵, 폐플라스틱 등을 비롯한 쓰레기를 수거했다.위니아에이드는 이번 플로깅 데이 캠페인을 오는 연말까지 매월 둘째 주와 넷째 주 수요일마다 4곳의 구역을 중심으로 정기적으로 운영한다. 지역사회와 연계한 ESG 활동을 추가 기획 및 검토해 친환경 사회공헌활동을 더욱 확대해 나갈 계획이다.위니아에이드 관계자는 ""ESG 경영활동의 일환으로 기획된 플로깅 데이 캠페인은 임직원들이 한마음으로 사옥 일대를 정비하며 친환경 운동을 실천하고 그 의미를 되새긴 뜻깊은 시간이었다""며 ""앞으로도 기업의 사회적 책임을 다하고 고객만족과 지역사회와의 상생을 위한 다양한 활동을 적극 펼쳐나가겠다""고 밝혔다.
]"
[비건 가죽을 친환경이라고 할 수 있을까],https://n.news.naver.com/mnews/article/036/0000046807?sid=102,"[
[비건 비긴][비건 비긴] 채식주의 개념에서 확장해 뷰티·패션 제품에도 적용 매출 규모는 아직 미미한 편



비건 화장품 구독서비스 ‘톤28’이 크루들과 함께 진행한 해양쓰레기 수거 캠페인. 톤28 제공비건 화장품을 정기적으로 ‘구독’하면 ‘플로깅’(조깅하면서 길가의 쓰레기를 줍는 일)에 필요한 키트가 따라온다. 비건 화장품 맞춤형 구독서비스를 제공하는 업체 ‘톤28’에서 마련한 캠페인이다. 집에서 화장품을 받아보는 구독서비스를 신청하는 대신, 별도로 ‘톤28 크루’ 가입 신청을 해도 키트를 받을 수 있다. ‘크루’ 가입은 플라스틱으로 만든 빨대나 화장품 용기, 일회용 컵 등을 사용하지 않겠다고 서약해야 가능하다. 동물 성분을 배제한 비건 화장품을 만들고, 플라스틱 쓰레기를 최소화하려 고체 샴푸나 종이팩에 담긴 화장품을 만드는 것을 넘어, 일상에서도 ‘환경을 위해 행동한다’는 업체의 사명을 실천하도록 마련한 장치다. 정마리아 톤28 공동대표는 “플로깅을 하면서 실제로 플라스틱과 비닐이 썩지 않고 (땅에) 박혀 있는 걸 봐야 심각성을 깨닫고 소비행태를 바꿀 수 있다고 생각해 시작한 캠페인”이라고 설명했다. ‘크루’가 인스타그램 등에 플로깅 참여를 인증하면, 참여 횟수만큼 회사가 일정 금액을 적립해 유기견 보호센터 등에 기부도 한다. 비건 화장품에 대한 관심을 쓰레기와 동물권 등 폭넓은 환경문제로 이끄는 셈이다. 



LG생활건강의 ‘더페이스샵’이 출시한 비건 스킨케어 화장품 ‘더테라피’ 라인. LG생활건강 제공‘성분’ ‘화장품’ 등 비건 개념 확장과거 ‘채식주의’와 동의어로 쓰일 만큼 먹는 행위에 한정됐던 ‘비건’ 또는 ‘비거니즘’이라는 용어가 최근에는 일상에서 입고, 바르고, 사용하고, 소비하는 것을 뜻할 정도로 의미가 확장됐다. 비건 자체를 하나의 생활방식(Lifestyle)으로 삼아 여러 방면에서 실천하는 행위로 받아들이는 인식이 점차 높아진 것이다. 실제로 대홍기획이 트위터, 블로그, 커뮤니티, 인스타그램 등 사회관계망서비스(SNS)에서 ‘비거니즘’과 관련해 쓰인 연관어를 분석한 결과, 2017년에는 ‘다이어트’ ‘건강’ ‘채식’, 2019년에는 ‘베이커리’ ‘카페’ 등이 언급되다가 2021년 상반기부터 ‘성분’ ‘화장품’ ‘환경’ 등 새로운 키워드가 등장하며 ‘비건’ 개념이 확장되는 양상을 보인다. 여성과 2030세대를 중심으로 비건 제품 구매 의향도 높게 나타난다. 한국리서치가 2022년 5월 전국 만 18살 이상 남녀 1천 명을 조사한 결과를 보면 비건 식품 구매 경험이 있는 사람이 24%였다. 비건 뷰티 제품(19%)과 비건 패션 제품(17%) 구매 경험이 있는 사람도 5명 중 1명꼴이었다. 특히 여성과 18∼29살, 30대 응답자의 46%가 “앞으로 화장품, 의류 등 비건 제품을 구매할 의향이 있다”고 했고, 여성 응답자 10명 중 6명(62%)은 “비건 제품이 향후 우리 사회에서 삶의 방식 중 하나로 자리잡을 것”이라고 답했다. 샤넬, 구치 등 유명 브랜드 동물 털 쓰지 않아식품 외에 비건 제품이 가장 활발하게 연구, 출시되는 분야는 화장품과 패션 분야다. 화장품에 주로 사용되는 동물성 원료는 프로폴리스나 왁스 등 꿀벌 유래 성분, 연지벌레를 갈아서 만드는 색소, 당나귀유처럼 스킨케어 제품에 포함된 우유 성분, 콜라겐 등 동물성 단백질 유래 성분 등이 있다. 비건 화장품은 이런 성분 대신 식물 유래 성분을 사용한다. 1995년 설립된 영국의 ‘러쉬’(LUSH)가 대표적인 비건 뷰티 브랜드로 꼽힌다. 러쉬는 채소·과일·꽃 등 식물성 원료를 사용하고, 동물실험을 하지 않으며, 최소한의 포장과 보존제를 사용한다. 한국은 2017년부터 동물실험을 한 화장품을 제조하거나 수입, 유통, 판매하는 것을 금지한 화장품법 개정안이 시행됐다. 식물성 재료를 사용하는 국내 브랜드도 늘고 있다. 러쉬처럼 비건 제품을 전면에 내세운 ‘멜릭서’ ‘톤28’ 등의 업체가 설립됐고, 엘지(LG)생활건강 등 기존 화장품 회사에서도 ‘비건’ 제품을 잇따라 내놓고 있다. 엘지생활건강은 2021년 ‘클린뷰티연구소’를 설립한 뒤 동물 유래 원료를 사용하지 않고 공정무역 원료를 발굴하며 제품 개발 과정에서 탄소 발생을 줄이는 공정의 연구를 진행하고 있다. 이 회사는 2022년에 비건 메이크업 브랜드 ‘프레시안’을 시장에 내놨다. 무화과, 허브 등 식물 유래 원료를 사용하고 ‘퍼프’ 등의 화장품 도구도 옥수수 전분으로 만들었다. 씨제이(CJ)올리브영은 2022년 ‘비건 뷰티’를 핵심 전략 키워드로 삼고 주요 매장에 ‘비건 뷰티 존’을 만드는가 하면, 자사 입점 브랜드 가운데 비건 인증 기준을 갖춘 제품을 선별해 ‘올리브영 비건 뷰티’ 인증마크를 부여해 소비자에게 적극 알리고 있다. 올리브영 관계자는 “비건 뷰티 제품의 매출 규모를 보면 2022년 1분기에 견줘 2분기에 69% 늘어난 성장세를 보인다”고 밝혔다.패션 분야에서도 모피, 가죽 등 동물성 소재를 쓰지 않기 위한 연구개발이 활발하다. 이 분야에서 동물 소재에 대한 문제제기가 나온 것은 주로 ‘모피’ 때문이었다. 모피 코트 하나를 만드는 데 40마리 이상의 동물이 필요하다는 환경단체의 문제제기가 이뤄지면서다. 캘빈클라인은 1994년 동물 털과 가죽을 쓰지 않는다는 의미의 ‘퍼 프리’(Fur Free) 선언을 했고 샤넬, 구치, 버버리, 랄프로렌 등 유명 브랜드가 단계적으로 ‘퍼 프리’에 참여했다. 비건 패션은 모피뿐 아니라 가죽, 실크, 울, 다운(오리와 거위 털) 등 동물에서 얻을 수 있는 소재를 일절 사용하지 않고 인공적으로 또는 친환경 소재로 제작된 의류를 말한다. 더 나아가 재생물질을 사용해 환경을 보호하는 의미까지 담는다. 동물성 재료 대신 쓰이는 것은 △유기농 면, 리넨, 코르크 고무 등 천연소재 △폴리우레탄, 울트라레더, 폴리에스테르 등 합성소재 △타이어, 골판지 같은 재활용 소재다. 



지속가능한 패션 브랜드 ‘오픈플랜’이 나무, 꽃, 과일 껍질, 뿌리 등 천연 재료에서 추출한 염료를 활용해 ‘식물 염색’한 셔츠드레스. 오픈플랜 제공플라스틱 레더를 친환경이라 할 수 있을까식물성 원료를 이용해 새로운 소재도 개발한다. 에르메스가 2021년 버섯 균사체로 만든 가죽인 ‘실바니아’로 제작한 가방을 출시한 것이 대표적이다. 버섯 균사체를 이용한 마일로(Mylo)와 콤부차(Kombucha) 가죽뿐 아니라 와인 생산과정에서 생긴 포도 부산물로 만든 비제아(Vegea) 가죽, 폐기된 파인애플 잎으로 만든 피나텍스(Pinatex) 가죽, 사과표피 가죽과 선인장 가죽 등이 개발됐다. 다만 단순히 동물성 소재를 쓰지 않는다고 ‘환경에 영향을 덜 끼치는가’란 질문에 긍정적으로 답하긴 어렵다. 최근 동물성 소재의 대안으로 쓰이는 석유 기반 합성소재가 오히려 환경에 더 해롭다는 주장이 제기되면서, 재활용 플라스틱을 활용하거나 재고 원단을 재사용하는 등의 방법으로 지속가능성을 높이는 방식도 일부 패션 브랜드에서 시도하고 있다.지속가능한 패션을 내세운 브랜드 ‘오픈플랜’을 운영하는 이옥선 디자이너는 이런 고민을 털어놓았다. “‘비건 레더’를 예로 들자면 식물 유래 원단이기는 하지만 여전히 미세플라스틱을 발생시키는데 이걸 ‘친환경’이라고 부를 수 있을까 싶어요. 선인장이나 포도 껍질을 사용해도 차라리 자연에서 썩게 하는 게 낫지 않을까 하는 질문도 생기고요. 소재를 바꿔도 ‘대량 생산-대량 소비-대량 폐기’로 이어지는 구조가 유지되는 한 한계가 있다는 점을 빼놓으면 안 된다는 생각도 들어요. 소재만이 지속가능성을 위한 변화의 전부가 아니고 재료의 재배 단계부터 염색, 유통, 사용, 폐기의 전 단계 그리고 그 과정에서 노동 문제까지 함께 고민해야 한다고 생각합니다.” 그럼에도 이 디자이너는 “패션계 안에서 비건에 대한 관심이 수적으로 늘어나는 것은 사실이고 앞으로 사용자나 생산자가 이런 고민에 더 많이 노출될수록 진정성을 갖는 브랜드도 많아질 거라 기대한다”고 말했다.



매출 낮지만 구매 의향률 높아이처럼 산업계 전반으로 비건 제품에 대한 관심이 점차 높아지지만, 시장 규모 차원에서 보면 비건 제품은 출발선에 서 있다. 우선 절대적 구매량이 아직 미미한 수준이다. 대홍기획이 2021년 1∼8월 ‘롯데멤버스’ 구매 데이터를 분석한 결과, 비건 제품이 진출한 37개 카테고리의 전체 구매 건수에 견줘 비건 제품 구매 건수는 0.005%에 그쳤다. 비교적 제품 구매 건수가 많은 ‘화장품·뷰티케어’ 부문이 그나마 0.082%를 기록했으나, 이조차 0.1% 미만이다. 대홍기획은 “소비자 500명을 대상으로 조사한 결과 비건 제품 구매 의향률은 대부분 항목에서 기존 구매 경험자 비율보다 높아 향후 시장 전망은 긍정적으로 본다”면서도 “여전히 구매하려는 비건 카테고리는 (식품과 화장품 등) 1~2개에 한정돼 있다”고 밝혔다. 가격이 비싸고, 살 곳을 찾기가 어려우며, 제품 종류가 다양하지 않다는 점 등이 비건 제품의 접근성을 낮추는 요인으로 꼽혔다. 참고 문헌주간리포트 ‘여론 속의 여론-비거니즘, 지속될 수 있을까?’, 한국리서치, 2022년‘데이터로 읽는 비거니즘 맥락’, 대홍기획, 2021년‘대안 전략으로의 비건 패션 브랜드 현황’, 김남희·박선희, 한국패션디자인학회지 제18권 4호, 2018년
]"
"[한진, 비영리 기부 스타트업 이타서울과 '플로깅·자원순환활동' 진행]",https://n.news.naver.com/mnews/article/014/0004874515?sid=101,"[




한진이 비영리 기부 스타트업 이타서울과 함께 서울시 내 쓰레기를 줍는 플로깅 활동을 하는 모습. 한진 제공 [파이낸셜뉴스] 한진이 비영리 기부 스타트업 이타서울과 손잡고 서울시 내 쓰레기를 줍는 플로깅 활동 및 자원순환체험 활동을 오는 9월까지 총 5차례 진행한다고 28일 밝혔다.   공유가치창출(CSV) 일환으로 진행되는 ‘그린온한진과 함께 찾아가는 자원순환캠프’ 행사에서는 △플로깅 △분리배출 체험·교육 △옷 기부 △리필스테이션(빈 용기를 가져오면 주방·세탁세제를 담아갈 수 있는 제로 웨이스트 활동) △업사이클링 체험 등 다양한 프로그램을 진행한다.   플로깅 행사에 필요한 집게, 생분해 봉투, 손수건은 친환경 동행 플랫폼 '그린 온 한진' 판매수익 일부를 기부해 마련했다. '그린 온 한진'은 한진이 비용문제, 참여방법 등으로 인해 친환경 활동에 쉽게 동참하지 못하는 1인 창업자와 소상공인을 위해 런칭한 플랫폼이다.   자원순환캠프는 서울 광진구(7월 27일), 중랑구(8월 3일), 송파구(8월 17일), 동작구(8월 24일), 서대문구(9월 8일) 등 서울시 다섯 곳에서 진행된다. 초등학생, 중·고등학생, 성인 등 다양한 연령대의 시민과 함께 프로그램을 꾸릴 예정이다.   한진 관계자는 ""한진은 ESG 선도기업으로서, 그리고 지역사회의 일원으로서 친환경 및 동반성장의 가치를 실현할 수 있도록 앞으로도 다양한 CSV모델을 발굴하겠다""고 말했다.
		]"
"[바리스타 폴 바셋, 3년 만에 방한…제주서 커피추출 행사 및 플로깅 활동]",https://n.news.naver.com/mnews/article/020/0003442434?sid=101,"[




호주 출신 바리스타 폴 바셋이 3년 만에 한국을 방문한다.27일 매일유업에 따르면, 폴 바셋은 내달 2일 폴 바셋 제주 용담 DT점과 제주 아라 DT점에서 커피 추출 행사를 진행한다. 신종 코로나바이러스 감염증(코로나19)으로 2019년 이후 중단된 후 3년 만이다. 다만 재유행 상황을 고려해 제주 매장에서 단 하루만 행사를 진행하기로 했다.이날 행사에서 폴 바셋은 시그니처 메뉴인 룽고와 카페라떼, 플랫화이트를 비롯한 에스프레소 메뉴들을 직접 만들어 제공할 예정이다.폴 바셋 김용철 대표는 “휴가 시즌을 맞아 제주도를 찾은 고객들에게 깜짝 선물 같은 이벤트를 기획했다”며 “3년 만에 진행되는 행사인 만큼 고객들에게 큰 즐거움을 선사할 수 있길 바란다”고 말했다. 한편, 폴 바셋은 내달 1일에 용담 해안도로를 따라 진행되는 ‘폴 바셋 X 진에어 임직원 플로깅’ 활동에도 참여한다.
]"
"[코웨이, 산책하며 쓰레기 줍는 '리버 플로깅' 캠페인]",https://n.news.naver.com/mnews/article/015/0004728496?sid=101,"[




코웨이 임직원들이 리버 플로깅 캠페인의 하나로 쓰레기를 줍고 있다.코웨이는 해양 환경 정화를 위한 ESG(환경·사회·지배구조) 활동의 하나로 임직원 및 고객과 함께 하는 '리버 플로깅 캠페인'을 8월 21일까지 진행한다고 25일 밝혔다.  플로깅(plogging)은 '줍다'를 뜻하는 스웨덴어와 '조깅'을 의미하는 영어 단어의 합성어로 달리기나 산책을 하며 쓰레기를 줍는 것을 말한다. 코웨이는 휴가철을 맞아 강물과 바다를 깨끗하게 지키고 일상 속 환경보호 실천 문화를 확산시키기 위해 플로깅 캠페인을 마련했다.이번 리버 플로깅 캠페인은 코웨이 임직원뿐 아니라 일반 시민도 누구나 참여할 수 있다. 해변, 강변, 계곡 등 물이 있는 곳 주변의 쓰레기를 수거한 뒤 다음달 21일까지 관련 사진을 자신의 인스타그램에 올리면 된다. 필수 해시태그(#코웨이리버플로깅, #플로깅 등)와 함께 코웨이 공식 계정을 태그하면 참여가 완료된다.코웨이는 참여를 응원하기 위해 다양한 선물을 증정한다. 이달 25일부터 선착순 100명에게는 생분해성 봉투와 집게, 장갑 등으로 구성된 플로깅 키트를 무상 증정한다. 캠페인 참가자 중 추첨을 통해 코웨이 노블 공기청정기(3명), 애플워치7(5명), 스타벅스 쿠폰(100명) 등도 제공한다. 코웨이 관계는 ""휴가철 계곡과 바다에선 쓰레기가 늘어나기 십상""이라며 ""이번 캠페인이 물의 소중함을 되새기고 지역사회 해양 정화에 기여할 수 있는 기회가 될 것""이라고 말했다. 
]"
"[건보공단 부울경본부, 환경보호 플로깅 캠페인 실시]",https://n.news.naver.com/mnews/article/082/0001167376?sid=102,"[
생활 속 환경보존 등 ESG경영 실천 지속 추진



""초록 지구야, 우리가 너의 건강보험이 되어줄게!""국민건강보험공단 부산울산경남지역본부(본부장장수목)는 7월 29일 대운산(경남 양산)에서 ‘생활 속 환경보존 사업’의 일환으로 환경보호 플로깅(조깅하면서 쓰레기 줍기) 캠페인을 전개했다고 밝혔다.이날 캠페인에는 지역본부 및 관할 지사 직원 40여명이 참여하여 '초록 지구야! 우리가 너의 건강보험이 되어줄게!'라는 슬로건 아래 쓰레기 줍기 등 환경정화 활동을 실시했다.캠페인은 가벼운 조깅 또는 걷기 생활화를 통해 건강을 챙기는 동시에 쓰레기를 주우며 환경을 지키기 위한 플로깅(Plogging) 캠페인에 동참하자는 취지로 시작하였다.공단은 생활 속 환경보호 실천이 현장에서도 뿌리내릴 수 있도록 관할 지역 내 29개 지사의 행정지원팀장이 참여하여 앞으로 각 지사 및 지역사회에서도 함께 캠페인을 전개해 나갈 방침이다고 전했다.장수목 본부장은 “앞으로도 우리 공단은 환경을 생각하고 지역사회에 기여할 수 있는 다양한 자체 사업을 추진해나가겠다”며 ESG경영 실천에 대한 지속적 의지를 밝혔다.
]"
[휴가철 실천하기 딱 좋은 ‘비치코밍’을 아시나요],https://n.news.naver.com/mnews/article/032/0003163398?sid=102,"[
해변+빗질 합성어···바닷가 정화 활동‘플로깅’과 함께 환경보호 운동 확산경기도는 참여 유도 이벤트도 진행



경기도가 경기바다 여행주간을 맞아 지난 6월 운영한 비치코밍 프로그램에 참여한 참가자들이 환경 정화 활동을 한뒤 기념 촬영을 하고 있다. /경기도 제공여름 휴가철을 맞아 휴가지에서 즐길 수 있는 새로운 환경보호 운동이 눈길을 끌고 있다. 바로 ‘비치코밍’이다.비치코밍은 ‘해변(beach)’과 ‘빗질(combing)’의 합성어다. 조개껍데기, 유리 조각 따위의 표류물이나 쓰레기를 주워 모으는 행동을 말한다. 문화체육관광부와 국립국어원은 지난 7월 비치코밍을 대체할 쉬운 우리말로 ‘해변 정화’를 선정하기도 했다.비치코밍은 운동이나 레저를 즐기면서 환경보호에도 나설 수 있어 플로깅(plogging, 조깅하면서 쓰레기를 줍는 행동)과 함께 인기를 끌고 있다. 이런 관심을 확인 시켜 주듯, 인스타그램 등 SNS에서도 비칭코밍을 해시태그한 게시물을 적잖이 볼 수 있다.



지난달 경기 안산 등 경기바다에서 운영한 비치코밍 프로그램에 참가한 시민들이 해안가에서 쓰레기를 수거하고 있다. /경기도 제공특히 비치코밍은 바닷가에서 즐길 수 있는 환경운동으로 해양생물들의 목숨을 위협하는 해양쓰레기 등을 처리하는 데 중점을 두고 있다. 대표적으로 바다에 버려지거나 유실된 폐그물, 폐통발, 플라스틱, 비닐 등을 처리하고 있다.이처럼 비치코밍이 활발해지면서 이와 관련된 다양한 이벤트도 진행되고 있다. 전국관광기관협의회는 지난해 9월부터 관광분야 ESG 경영 실천을 위한 친환경 착한여행 릴레이 캠페인을 개최했다. 당시 캠페인에서는 지역주민과 여행자들의 적극적인 참여를 유도하기 위해 플로깅을 비롯해 비치코밍, 에코 트레킹 등 환경운동도 함께 전개했다.앞서 경기도는 지난해 6월 관광과 환경 봉사활동을 결합한 ‘착한가치 비치코밍’ 프로그램을 화성과 안산에서 실시했다. 당시 47명이 참여한 이 프로그램은 첫날 시흥 배곧한울공원에서 코로나19 발열 점검과 프로그램 등록후 미션북을 받아 이틀간 순서에 상관없이 스스로 동선을 짜고 자차로 이동하는 방식으로 진행됐다. 주요 미션으로 안산 방아머리해변, 화성 궁평항과 제부도 아트파크 등에서 비치코밍 및 씨글래스(Seaglass) 전시 활동 등을 진행했다. 씨글래스란 대표 바다 쓰레기인 유리가 파도에 마모돼 반짝이는 것으로, 참가자들은 유리를 주워 재활용해 하나뿐인 작품을 만들어 전시했다. 환경 봉사활동 외에도 수륙양용차, 갯벌, 낚시 체험 등의 미션도 진행됐다.올해에도 경기도와 경기관광공사는 경기바다 여행주간을 맞아 지난달 15~16일까지 안산 방아머리해변 등에서 관광과 환경 봉사활동을 결합한 ‘경기바다와 친환경여행 비치코밍’ 프로그램을 운영했다. 15일에는 안산 대부도 방아머리해변, 경기해양안전체험관 등 안산시 일대에서 16일에는 오이도 빨강등대, 오이도박물관, 달전망대 등 시흥시 일대에서 각각 30여 명 규모로 사전 모집된 참가자들과 비치코밍 활동을 펼쳤다.참가자들은 환경 정화 활동에서 모은 쓰레기를 지정장소로 가져와 인증받았고, ‘안녕 지구, 안녕 경기바다’ 환경 슬로건을 내걸고 기념 촬영을 하기도 했다. 이어 경기해양안전체험관에서 선박 비상 상황 체험과 화재진압 대피 체험 등 안전교육을 받은 데 이어 경기도 미술관을 관람하면서 관광 프로그램 중 있었던 일을 주제로 그림을 그리는 시간도 가졌다.참가자들은 지역경제 활성화를 위해 지역화폐로 먹거리 등을 구매하기도 했다. 경기도와 경기관광공사는 환경 정화와 홍보 등의 활동 인센티브로 참가비 명목의 지역화폐를 다시 참가자들에게 돌려줘 해당 지역을 재방문할 수 있도록 했다. 경기도 관계자는 30일 “이번 경기 서부권 친환경 프로그램에 이어 동부·남부·북부권에서도 관광 프로그램을 운영할 예정”이라고 밝혔다.
		]"
"[위니아에이드, 달리며 쓰레기 줍는 '플로깅 데이' 캠페인 진행]",https://n.news.naver.com/mnews/article/092/0002263433?sid=105,"[
ESG 경영 일환으로 올해 말까지 매월 2회 진행 예정위니아에이드가 '지구와 함께 달립니다'라는 슬로건으로 임직원 참여 환경 보호 캠페인 '플로깅 데이'를 진행했다고 25일 밝혔다.플로깅은 조깅을 하면서 쓰레기를 줍는 친환경 운동이다. 위니아에이드는 사옥이 위치한 경기도 화성시에서 지역사회 환경 정화에 기여하기 위해 이번 캠페인을 기획했다.위니아에이드 임직원 100여명은 이번 캠페인에서 일회용 비닐 장갑 대신 식물성 원료로 만든 100% 생분해 친환경 봉투와 다회용 목장갑, 집게 등을 사용했다. 위니아에이드 사옥 주변의 봉담 호수공원 및 봉담 초등학교 등을 걸으며 일회용 컵, 폐플라스틱 등을 비롯한 쓰레기를 수거했다.



위니아에이드가 ESG경영 일환 플로깅 데이 캠페인을 실시했다. (사진=위니아)위니아에이드는 이번 플로깅 데이 캠페인을 올해 연말까지 매월 둘째 주, 넷째 주 수요일마다 운영할 예정이다.위니아에이드 관계자는 ""ESG 경영활동의 일환으로 기획된 플로깅 데이 캠페인은 임직원들이 한마음으로 사옥 일대를 정비하며 친환경 운동을 실천하고 그 의미를 되새긴 뜻깊은 시간이었다""며 ""앞으로도 기업의 사회적 책임을 다하고 고객만족과 지역사회와의 상생을 위한 다양한 활동을 적극 펼쳐나가겠다""고 말했다.
]"
"[코웨이, 임직원과 고객이 함께하는 '리버 플로깅 캠페인' 진행]",https://n.news.naver.com/mnews/article/030/0003032821?sid=105,"[




코웨이는 해양 환경 정화를 위한 환경·사회·지배구조(ESG) 활동 일환으로 임직원과 고객이 함께 하는 리버 플로깅 캠페인을 다음달 21일까지 진행한다고 25일 밝혔다.코웨이는 해양 환경 정화를 위한 환경·사회·지배구조(ESG) 활동 일환으로 임직원과 고객이 함께 하는 '리버 플로깅 캠페인'을 다음달 21일까지 진행한다고 25일 밝혔다.플로깅은 달리기나 산책을 하면서 쓰레기를 줍는 친환경 운동이다. 코웨이는 휴가철을 맞아 강물과 바다를 깨끗하게 지키고 일상 속 환경보호 실천 문화를 확산시키기 위해 플로깅 캠페인을 기획했다.코웨이 리버 플로깅은 코웨이 임직원뿐 아니라 일반 시민 누구나 참여 가능하다. 캠페인 참여 방법은 해변, 강변, 계곡 등 물이 있는 곳 주변의 쓰레기를 수거한 뒤 8월 21일까지 활동 사진을 자신의 인스타그램에 올리면된다. 필수 해시태그와 함께 코웨이 공식 계정을 태그하면 참여가 완료된다. 코웨이는 참여를 독려하기 위한 다양한 선물을 증정하고 추첨을 통해 참가에게 상품도 제공한다.
]"
"[기장군, 에코 플로깅 활동 진행…기장에서 우리 플로깅 할까요?]",https://n.news.naver.com/mnews/article/082/0001166994?sid=102,"[




기장시장문화관광형시장육성사업단은 지난 22일 기장군 죽성리 일대에서 ‘기장시장에서 우리 플로깅 할까요?’라는 슬로건으로 에코 플로깅 활동을 진행했다고 27일 밝혔다.플로깅은 조깅을 하면서 동시에 쓰레기를 줍는 운동으로, 스웨덴어 ‘plocka upp (이삭을 줍는다)’과 영어 ‘jogging (조깅)’의 합성어다.소상공인시장진흥공단 부산울산경남지역본부, 기장읍 청년회 등 30여 명이 참여하였고, 비닐봉지와 일회용 장갑 대신 환경 보호 캠페인이라는 취지를 살려 식물성 원료로 만든 100% 생분해 친환경 봉투와 친환경 장갑, 집게 등으로 구성된 플로깅 용품을 활용해 진행됐다.이날 플로깅 활동에 참여한 참가자들은 죽성리 일대 약 1km를 다니며 버려진 쓰레기 100리터를 줍고 분리수거 등을 실시했다.기장시장문화관광형시장육성사업단은 ""이번 활동을 8월동안 매주 수, 토요일마다 기장시장 일대를 중심으로 참가자를 모집하여 정기적으로 운영하며, 지속적인 ESG 활동을 통하여 친환경 사회공헌활동을 더욱 확대해 나갈 계획이다""고 전했다.
]"
"[한진, 이타서울과 ‘자원순환 캠페인’…깨끗한 도심 만든다]",https://n.news.naver.com/mnews/article/016/0002021553?sid=101,"[
플로깅 행사 물품, ‘그린온한진’ 판매수익으로 마련분리배출 체험·교육부터 업사이클링 체험 등 다양



한진과 이타서울이 마련한 플로깅 활동 및 자원순환체험 활동 모습. [한진 제공][헤럴드경제=정찬수 기자] 한진이 비영리 기부 스타트업 이타서울과 함께 서울시 내 쓰레기를 줍는 플로깅 활동 및 자원순환체험 활동을 이달부터 9월까지 총 5차례 진행한다고 28일 밝혔다.CSV(공유가치창출·Creating Shared Value)의 일환으로 마련한 ‘그린 온 한진과 함께 찾아가는 자원순환캠프’ 행사는 ▷플로깅 ▷분리배출 체험·교육 ▷옷 기부 ▷리필스테이션 ▷업사이클링 체험 등으로 이뤄진다.플로깅 행사에 필요한 집게, 생분해 봉투, 손수건은 친환경 동행 플랫폼 ‘그린 온 한진’ 판매수익의 일부를 기부하여 마련했다. 자원순환캠프는 광진구(7월 27일), 중랑구(8월 3일), 송파구(8월 17일), 동작구(8월 24일), 서대문구(9월 8일) 등 서울시 다섯 곳에서 진행한다.한진 관계자는 “한진은 ESG 선도기업으로, 또 지역사회의 일원으로 친환경 및 동반성장의 가치를 실현할 수 있도록 앞으로도 다양한 CSV모델 발굴하겠다”고 말했다.
]"
"[신한라이프 임직원, 한강에서 ‘플로깅 캠페인’]",https://n.news.naver.com/mnews/article/032/0003160506?sid=101,"[




성대규 신한라이프 사장 등 임직원과 고객, 설계사들이 지난 16일 서울 여의도 한강공원에서 플로깅을 한 후 기념촬영을 하고 있다.  신한라이프 제공신한라이프가 환경·사회·지배구조개선(ESG) 실천 운동의 하나로 지난 16일 서울 여의도 한강공원 일대에서 고객과 함께하는 ‘플로깅’ 캠페인을 진행했다고 18일 밝혔다.플로깅은 스웨덴어로 ‘줍다’는 뜻을 가진 플로카 업(Plocka upp)과 ‘달리기’를 뜻하는 조깅(jogging)을 합친 말로, 달리면서 쓰레기를 줍는 활동을 말한다.이번 행사에는 ‘신나는 한강 플로깅 라이프’라는 슬로건 아래 성대규 사장, 곽희필 FC1사업그룹장 등 임직원, 200여 명의 설계사들과 고객들이 참여했다. 참가자들은 생분해 봉투와 나무 집게 등 플로깅 용품을 활용해 한강공원 곳곳의 쓰레기를 수거했다.신한라이프는 참가자들에게 기념품으로 친환경 생활용품으로 구성된 ‘제로웨이스트 키트’와 에코백을 제공했다. 또 참가비로 받은 소정의 금액을 초록우산 어린이재단에 기부하기로 했다.
		]"
['위하리 오션 플로깅' 행사 23일 개최],https://n.news.naver.com/mnews/article/421/0006229202?sid=101,"[




© 뉴스1(서울=뉴스1) 임해중 기자 = 부산시 영도구에서 조깅을 하며 쓰레기를 줍는 ‘위하리 오션 플로깅’행사가 이달 23일 개최된다.오션 플로깅은 해변을 걸으며 쓰레기를 줍는 환경 봉사 행사를 뜻한다. ‘위하리 오션 플로깅’은 부산시 영도구 하리항을 기점으로 태종대, 조도, 아미르공원, 해수천 일원 등 1.5Km 주변이 대상이다. 참가자가 플로깅과 함께 하리항 주변을 거닐며 포토 포인트 혹은 여행 스팟을 찾아낸다는 의미도 있다.부산시 영도구는 부산 여행객들에게 포토존으로 꼽히는 흰여울마을이 있다. 최근 드라마 ‘파친코’의 배경으로 알려지면서 관광객이 크게 늘어난 것으로 알려졌다.



© 뉴스1행사는 사전 신청을 통해 모집한 150명을 대상으로 7월 23일 ‘시타딘 커넥트 호텔 하리 부산’ 앞에 위치한 행사장에서 시작한다. 참가자 전원에게는 리유저블 백, 티셔츠 팩, 법랑컵, 클렌징 폼+밤, 선크림과 박카스 등 푸짐한 상품과 일상 속 의미 있는 경험을 만드는 베러먼데이와 협업해 제작한 플로깅 키트를 제공될 예정이다.‘위하리 오션 플로깅’과 관련한 자세한 사항은 구글 검색창에 ‘위하리 캠페인’을 검색해 공식 홈페이지로 접속하면 확인할 수 있다.
		]"
[중랑구 플로깅 봉사 '다담아 DAY'…9월30일까지 활동],https://n.news.naver.com/mnews/article/421/0006232629?sid=102,"[
활동 보고서 제출하면 걸음 3000보당 봉사 1시간 인정



플로깅 봉사(중랑구 제공).© 뉴스1(서울=뉴스1) 전준우 기자 = 서울 중랑구는 환경도 지키고 건강도 지키는 일석이조 플로깅 봉사 '다담아 DAY'를 실시한다고 21일 밝혔다. '플로깅'은 조깅을 하며 쓰레기를 줍는 활동이다. 참여를 원하는 구민은 9월30일까지 자유롭게 시간과 장소를 정해 플로깅 봉사 활동을 진행하면 된다. 봉사 장소는 중랑천변, 망우역사문화공원, 용마폭포공원 등 지역 내 플로깅이 가능한 곳이라면 어디든 상관없다.활동에 참여한 후 보고서를 제출하는 구민에 한해서는 봉사 시간도 인정된다. 걸음 3000보당 봉사 시간 1시간이 인정되며 하루 최대 2시간, 월 최대 5회까지 인정 가능하다. 활동 보고서는 10월17일 오후 6시까지 담당자 이메일로 제출하면 된다. 보고서에는 활동 시간이나 걸음 수, 수거한 쓰레기 등 활동을 확인할 수 있는 사진 자료를 필수로 첨부해야 한다. 류경기 중랑구청장은 ""구민 개개인의 작은 실천이 더 깨끗하고 쾌적한 중랑구를 만드는 초석이 될 것""이라며 ""환경을 생각하는 마음을 담아 많은 구민분들이 관심 가져주길 바란다""고 말했다.
		]"
"[신한라이프, 고객과 한강 플로깅 캠페인 진행]",https://n.news.naver.com/mnews/article/119/0002621755?sid=101,"[




지난 16일 여의도 한강공원에서 진행된 플로깅 캠페인에 참석한 신한라이프 성대규 사장이 참석자들과 함께 기념촬영을 하고 있다. ⓒ신한라이프[데일리안 = 김효숙 기자] 신한라이프는 ESG실천 운동의 일환으로서울 여의도 한강공원 일대에서 고객과 함께하는 플로깅 캠페인을 진행했다고 18일 밝혔다.플로깅은 스웨덴어로 '줍다'는 뜻을 가진 플로카 업과 '달리기'를 뜻하는 조깅을 합친 말로 달리면서 길거리 쓰레기를 줍는 활동을 말한다.지난 16일 열린 행사는 '신나는 한강 플로깅 라이프'라는 슬로건 아래 성대규 대표이사, 곽희필 FC1사업그룹장 등 임직원, 200여명의 FC들과 고객들이 참여한 가운데 진행됐으며, 참가자들은 생분해 봉투와 나무집게를 포함한 플로깅 용품을 활용해 한강공원 곳곳의 쓰레기를 수거했다.플로깅에 참여한 설계사와 고객들에게는 기념품으로 친환경 생활용품으로 구성된 제로웨이스트 키트와 에코백을 제공해 일상생활에서도 환경보호를 꾸준히 실천할 수 있도록 했다.또한 참가비로 모인 소정의 금액을 초록우산 어린이재단에 기부하여 도움이 필요한 어린이들을 지원하기로 했다.
		]"
"[신한라이프, 고객과 함께하는 플로깅 행사 열어]",https://n.news.naver.com/mnews/article/030/0003031092?sid=101,"[




지난 16일 서울 여의도 한강공원에서 신한라이프가 개최한 플로깅 행사에서 임직원과 고객이 기념사진을 찍고 있다.신한라이프가 고객과 함께하는 플로깅(plogging) 캠페인을 진행했다고 18일 밝혔다.플로깅은 스웨덴어로 '줍다'는 뜻의 플로카 업(plocka upp)과 '달리기'를 뜻하는 조깅을 합친 말로 달리면서 길거리 쓰레기를 줍는 활동을 말한다. 이번 행사는 환경·사회·지배구조(ESG) 실천 일환으로 지난 16일 서울 여의도 한강공원 일대에서 열렸다.신한라이프에선 성대규 사장, 곽희필 FC1사업그룹장 등 임직원이 참석했으며 200여명의 설계사들과 고객이 함께 했다. 참가자들은 생분해 봉투와 나무 집게를 이용해 쓰레기를 수거했다. 또 참가비로 모인 소정의 금액은 초록우산 어린이재단에 기부해 도움이 필요한 어린이들을 지원할 예정이다.
]"
[보은군보건소 플로깅 활동전개],https://n.news.naver.com/mnews/article/656/0000019395?sid=102,"[
			[보은]보은군보건소는 7월 걷기 좋은 Day를 통해 플로깅 활동을 진행했다고 19일 밝혔다. 군보건소가 추진하고 있는 걷기 좋은 Day는 네이버밴드 어플을 통해 매월 걷기미션을 제공하고 군민들의 걷기운동을 확산시키기 위해 운영하는 운동프로그램으로 매달 600명이 넘게 참여하고 있다. 이번 7월 걷기 좋은 Day는 지난 2일부터 18일까지 폭염으로 걷기미션을 부여하지 않고 플로깅 미션을 부여해 군민들로부터 큰 호응을 얻었다. 특히 플로깅이란 건강과 환경을 함께 지키기 위해 걷기나 조깅을 하며 주변에 버려진 쓰레기를 줍는 활동을 말한다. 지역내 운동시설 주변이나 거리쓰레기를 줍고 운동을 하는 모습을 사진 찍어 네이버밴드 보은군보건소와 함께하는 D에서 S로 인증샷을 올리면 미션에 성공한다. 한 주민참가자는 ""환경도 지키고 운동도 하고 일석이조 프로그램""이라며 ""내가 운동하는 장소에서 플로깅을 하며 걸으니 주변이 깨끗해져서 뿌듯했다""고 소감을 말했다. 김은숙 군보건소건강증진담당 팀장은 ""걷기 좋은 Day를 통한 걷기운동은 11월까지 실시할 계획""이라며 ""군민들에게 건강한 생활을 실천할 수 있도록 매월 다양한 걷기운동 미션을 제공해 참여자 모두 건강하고 나아가 건강한 보은군을 만들 수 있도록 노력하겠다""고 말했다. 



사진=보은군 제공



사진=보은군 제공
]"
"[하나투어, 몽골·베트남서 ‘ESG 캠페인’ 플로깅 진행]",https://n.news.naver.com/mnews/article/277/0005119263?sid=103,"[
고객과 임직원 참가 플로깅·봉사활동 프로그램 운영



몽골 테를지 국립공원 트레킹 중 플로깅에 참여한 참가자들의 모습. 사진제공 = 하나투어하나투어(대표이사 송미선, 육경건)는 ESG 경영활동 일환으로 지속가능여행 실천을 위한 상품 운영과 임직원 봉사활동을 진행한다고 18일 밝혔다.먼저 ESG 캠페인 중 하나인 '몽골 대자연 지키기' 상품을 선보인다. 지난달 29일 하이킹 에반젤리스트(한 분야에 지식과 열정을 갖추고 그 가치를 널리 퍼뜨리는 메신저) 김섬주 동행 몽골 트레킹이 출발했다. 해당 상품은 몽골 체체궁산, 엉거츠산, 열트산에서 대자연을 만끽하는 트레킹과 명상, 몽골 전통 가옥 게르 숙박 체험 등과 함께 플로깅 일정도 포함됐다.플로깅은 몽골의 대표 관광지 테를지 국립공원에서 진행됐다. 트레킹 중 약 10kg의 쓰레기를 수거해 재활용할 수 있도록 처리했다. 해당 상품을 이용한 고객들의 호응에 힘입어 9월 중 2차 행사를 준비하고 있다.또한, 코로나 팬데믹으로 잠시 중단된 임직원 봉사활동을 재개했다. 하나투어는 지난 3일 임직원 24명이 동남아 휴양지로 각광받는 베트남 푸꾸옥을 방문했다. 성수기에 접어드는 푸꾸옥의 환경 보호를 위해 관광객이 붐비는 해변에서 약 5kg의 쓰레기를 수거하는 거리 청소 봉사활동을 진행했다.하나투어 관계자는 ""ESG 경영활동의 실천으로 지속가능한 여행을 확대해 고객에게 뜻깊은 경험을 선사하고 지역사회 발전과 환경 보호를 위한 공익적 활동에도 적극 참여할 계획""이라고 말했다.
]"
[여수세계박람회 10주년 기념행사 개최…'탄소 제로 에코 플로깅'],https://n.news.naver.com/mnews/article/421/0006217986?sid=102,"[
23일 오전 10시 박람회장 일원서



여수세계박람회 10주년 기념행사 '에코 공감의 향연 및 탄소 제로 에코 플로깅' 행사 홍보 포스터.(여수시 제공)2022.7.14/뉴스1(여수=뉴스1) 김동수 기자 = 전남 여수시는 오는 23일 여수세계박람회 10주년을 기념하기 위해 박람회장과 여수 일원에서 '에코 공감의 향연 및 탄소 제로 에코 플로깅' 행사를 개최한다고 14일 밝혔다.이번 행사에는 전남 동부권과 경남 서부권 환경단체, 일반 시민 등 선착순 참가자 212명이 참여할 예정이며, 참가비는 무료다.에코 공감의 향연은 전남 동부권과 경남 서부권 대표가 기후환경보호 결의문을 낭독한 후 참석자들과 함께 기후변화에 대한 경각심을 일깨우는 퍼포먼스를 펼치게 된다.탄소 제로 에코 플로깅(달리기를 하며 쓰레기를 줍는 운동) 행사는 해양환경 보호를 위해 돌산 무슬목에서 진행될 예정이다. 플로깅 종료 후에는 간단한 간식도 배부된다.참가 신청은 여수세계박람회 10주년 기념사업팀으로 문의하면 된다.김태완 투자박람회과장은 ""단순히 쓰레기를 줍기만 하는 플로깅 행사에 즐거움을 드리기 위해 해양환경인명구조단에서 작은 이벤트와 퍼포먼스를 준비하고 있다""며 ""환경보호에 대한 교육도 받을 수 있고 자원봉사 시간도 인정되니 청소년들의 많은 참여를 바란다""고 말했다.
		]"
"[여름은 쓰레기의 계절? '줍깅' 해보자…""살도 빠지고 세상도 바뀌어""]",https://n.news.naver.com/mnews/article/008/0004773922?sid=102,"[
			[편집자주] '찐'한 삶을 살고 있는 '찐'한 사람들을 인터뷰합니다. 유명한 사람이든, 무명의 사람이든 누구든 '찐'하게 만나겠습니다. '찐터뷰'의 모든 기사는 일체의 협찬 및 광고 없이 작성됩니다.[[찐터뷰 : ZZINTERVIEW]22-①'플로깅'을 하는 사람들]



[강릉=뉴시스] 김경목 기자 = 10일 오전 청소부들이 강원 강릉시 경포해수욕장에서 밤새 쏟아져 나온 쓰레기를 수거하느라 진땀을 빼고 있다. 청소 관계자에 따르면 해수욕장 개장 후 첫 금~토요일 밤사이 쏟아진 쓰레기양은 8ｔ이었다. 첫 주말 토~일요일 밤사이 쏟아진 쓰레기양은 약 16ｔ으로 예상됐다. 2022.07.10.쓰레기에 무감각해져가고 있는 시대다. 우리 주변의 쓰레기는 항상 넘쳐난다. 길바닥의 담배꽁초, 한 구석에 겹겹이 쌓여있는 플라스틱 컵, 아무렇지도 않게 길가에 널려있는 비닐봉지들. 소비가 늘어날수록 쓰레기도 함께 늘어난다.그 와중에 여름철 단골 뉴스들이 눈에 들어왔다. ""관광객들이 남기고 간 쓰레기로 해수욕장이 몸살을 앓고 있습니다"". ""나들이객들의 쓰레기가 한강 공원에 아무렇게나 버려져있습니다"". 여름은 피서의 계절이기도 하지만, 쓰레기의 계절인 게 분명하다. 환경미화원들이 고군분투해도 중과부적이다.자연스럽게 '쓰레기를 줍는 사람들'이 눈에 들어왔다. '플로깅' 혹은 '줍깅'이라고 불리는 활동을 하는 평범한 사람들. '플로깅'은 쓰레기를 줍는 것을 조깅과 같은 운동처럼 하는 활동을 뜻한다. 이 사람들이 넘치는 쓰레기에 혹시 '현타(현실 자각 타임)'를 느끼고 있진 않을까. 약간의 걱정을 갖고 '찐터뷰'는 플로깅하는 사람들과의 인터뷰를 진행했다.━ ""돌아서면 나오는 쓰레기, 현타도 온다""━""멘탈이 깨질 때요? 가끔 그럴 때가 있죠. 담배꽁초를 줍고 있는데, 그 옆에서 쓰레기 버릴 사람은 다 버리더라고요.""국내 최대 플로깅 단체 중 하나인 '와이퍼스'의 대표인 황승용씨(36세)는 지난 12일 서울 광진구의 한 카페에서 '찐터뷰'와 만나 이같이 말했다. 평범한 회사원(대리)인 그는 2020년부터 꾸준하게 플로깅 활동을 해왔다. 현재 회원 580명 수준이고, 부산에도 100명 규모의 지부가 만들어졌다. 지금도 시간만 나면 어디서든 플로깅 활동을 한다는 황씨다.그는 ""활동을 시작한 이후 쓰레기가 줄어드는 듯한 느낌은 전혀 안 든다. 언젠가는 50명이 서울의 한 상권에서 쓰레기를 한 시간 정도 주웠는데 플라스틱 컵만 1100개가 나왔다""며 ""해변에는 스티로폼이 많다. 서해 이런 곳에서 활동을 해보면 쓰레기가 어마어마하다""고 설명했다.



와이퍼스의 대표 황승용씨/사진=황승용 제공작년부터 인천에서 400명 규모의 플로깅 커뮤니티 '프린지'를 운영해온 이영근씨(36세)도 지난 5일 인터뷰에서 ""1시간 넘게 쓰레기를 치운 거리에 다음날 또 쓰레기가 널브러져 있더라. 돌아서면 또 생기더라""며 ""활동 초기에 '쓰레기는 또 나올 것인데 이게 과연 환경에 도움이 될까'라는 생각이 반복적으로 들었던 적도 있다""고 말했다.200~300명 규모의 커뮤니티 '서울 하이킹'에서 플로깅 활동을 하고 있는 박상준씨(34세)는 '쓰레기를 줍는 사람 따로 있고, 버리는 사람 따로 있는 현실'에 대한 질문을 받고 ""이 부분에 대해 오래 생각하고 있다""며 ""국민 의식이 자리 잡기까지는 오랜 시간이 걸리지 않겠나. 사람들이 경각심을 갖고 의식이 다 퍼져나갈 때까지는 시간이 조금 걸릴 것""이라고 답했다.━플로깅은 '나'를 위한 활동…쓰레기에 집착할 필요 없어 ━'찐터뷰'는 지난 20일 직접 서울 경의선숲길(연트럴파크) 일대에서 플로깅 활동을 해봤다. 그리고 활동가들이 말하는 '주워도 주워도 또 나오는 쓰레기'의 현실을 경험할 수 있었다. 실제로 담배꽁초를 주울 때 그 앞에서 쓰레기를 버리던 사람도 있었다. 흔들리는 멘탈에 쓰레기가 많은 지역을 애써 외면하고 빨리 지나가기도 했다.  활동가들은 이런 상황을 '당연한 것'이라고 설명한다. 그리고 플로깅 활동은 온전히 '나'를 위한 활동이 먼저 돼야 한다고 강조한다. 내가 감당할 수 있는 수준에서, 삶의 보람을 찾을 수 있는 정도로 해나가야지 안 그러면 지속가능한 취미가 될 수 없다는 것이다. 플로깅은 △1시간 정도의 시간에 △쓰레기 분리수거 봉지(5~10리터)를 들고 △집근처 3~4㎞ 정도를 걷거나 뛰는 정도면 족하다. 꼭 단체에 소속돼 할 필요도 없다. 혼자서도, 친구끼리, 아니면 가족과 함께 얼마든지 가능하다. 보람된 일을 하면서 동시에 운동도 할 수 있는 취미. 최근 MZ세대 등을 중심으로 플로깅이 힙해지고 있는 이유다. 이영근씨는 처음 플로깅 활동을 할 때 ""환경 정화에는 큰 관심이 없었다""고 언급했다. 하던 일이 잘 안 풀려서 자존감이 바닥까지 떨어졌을 때 운동삼아 했던 게 그 시작이었다고 한다. 그는 ""처음 쓰레기를 줍고 돌아왔는데 뭐라고 표현하기 힘든 재밌는 느낌을 받은 것 같다. 땀도 흘리고, 운동도 되고, 보람도 느끼게 됐다""고 회고했다.이어 ""쓰레기는 정말 많고 그걸 다 주워낼 수가 없다. 너무 쓰레기 줍기에만 매몰돼 있으면 멘탈이 깨진다""며 ""회원들에게 늘 하는 얘기가 쓰레기를 너무 많이 줍지 말라는 말이다. 운동으로 생각하고 해나가자고 회원들에게 얘기를 해준다""고 설명했다.



등산 중 플로깅 활동을 하고 있는 박상준씨/사진=박상준 제공박상준씨 역시 회사에서 힘든 시기에 등산을 시작했고, 등산길에 쓰레기를 하나 둘 줍다보니 여기까지 오게 됐다고 밝혔다. 자신이 좋아하는 등산과 결부시킨 취미활동으로 플로깅을 하고 있는 것이다. 그는 ""산 좋아하는 사람들이 환경에 관심이 많다. 이런 생각을 가진 마음 맞는 분들이 점점 늘어나다보니 일이 커졌다""고 했다.황승용씨는 '현명한 이기심'을 바탕으로 활동하고 있다고 힘을 줬다. '나'에게 우선 도움이 되면서 동시에 공동체에게도 이득인 활동으로 접근하고 있다는 것이다. 황씨는 ""개인에게 100% 이득이 되기에 하고 있는 것이다. 플로깅을 한 후 몸이 더 건강해졌다. 살도 빠졌다. 주변에 좋은 사람들도 많이 만나게 됐다""며 ""내가 좋아서 하는 거다. 너무 많은 시간과 에너지를 빼앗기고, 몸도 나빠지고, 마음도 파괴된다면 하지 않았을 것""이라고 말했다. ━목표는 '배출 줄이기'…플로깅은 마중물━이런 플로깅 활동은 그 자체가 쓰레기 배출을 줄이는 것은 아니다. 하지만 환경 문제에 대한 종합적인 캠페인이 될 수는 있다. 환경에 관심이 있는 사람들이 모여 쓰레기를 줍고, 심각한 쓰레기 문제를 눈으로 보고 체험하면 자연스럽게 친환경적인 삶의 태도를 갖게 될 수밖에 없다. 쓰레기를 만들 수 있는 소비 자체를 줄이게 된다. 플로깅 자체가 하나의 선한 영향력이 될 수 있는 것이다. 이와 관련한 활동가들의 말을 한번 들어보자.""1000개가 넘는 플라스틱 컵을 직접 목격한 사람과 목격하지 않은 사람은 엄청난 차이가 있다. 직접 플라스틱 컵을 주워보고, 세척까지 해보면 피부로 와닿는 게 있다. '환경 문제가 심각하다'는 말은 사실 추상적이지 않나. 직면을 해야 깨닫게 된다. 우리 환경이 이런 상황이란 것을 알게 되고 관심을 갖게 된다. 그래서 플로깅이 '해결책'은 아니지만 '마중물' 같은 역할을 할 수 있다고 본다.""(황승용)""나도 플로깅을 하면서 쓰레기 문제가 심각하다는 사실을 처음 인지하게 됐다. 플로깅은 환경에 관심 가지는 첫 시작이 될 수 있다. 이런 환경 문제가 있구나 하는 것을 알게 되기 때문이다. 플로깅이 환경 문제를 제대로 바라볼 수 있는 쉬운 방법 중에 하나인 것 같다. 실제로 플로깅 이후에 거리를 나가보라. 쓰레기 밖에 안 보인다. ""(이영근)



해변에서 쓰레기 줍기 활동을 한 '와이퍼스' 회원들/사진=황승용 제공플로깅 단체들은 정부나 기업과 함께 쓰레기 줍기 행사를 개최하기도 하고, 주민을 상대로 한 캠페인을 기획하기도 한다. 지향점은 확실하다. 쓰레기 '줍기'에 그치는 게 아니라 '안 버리기'까지 나아가는 것. 황승용씨의 와이퍼스는 거리의 담배꽁초를 주워 담배회사에 보내는 '꽁초 어택'을 진행해 유명세를 탔다. 박상준씨의 서울 하이킹은 관악구와 탄소중립 캠페인을, 이영근씨의 프린지는 지역 주민들이 참여한 '플로깅 운동회' 콘셉트의 축제를 기획하고 있다.이런 활동에 냉소적인 시선을 보내는 이들도 있다. 미국이나 중국과 같은 쓰레기 배출 대국들과 글로벌 대기업들은 아무런 행동을 하지 않는데 우리가 쓰레기를 줍고, 배출을 줄여서 뭐하냐는 의견. 작은 개인이 플라스틱 빨대 하나 쓰는 게 무슨 대세에 영향이 있느냐는 의견. 이런 사람들에 대해 황승용씨는 다음처럼 일침을 날렸다.""아무 것도 안 하면서 비판만 하는 사람들이 있다. 그런 말을 하는 사람들부터 바뀌어야 한다. 그런 사람들조차 '아 이렇게 해야 하나 보다'라고 하는 순간이 진짜 세상이 바뀌는 때다. 사람 한 명, 한 명은 큰 의미를 가진다. 그렇게 '현명한 이기심'을 발휘하는 사람들이 많아져서 쓰레기에 신경쓰는 문화가 만들어지고, 그런 국가들이 많아지면, 미국과 중국이 바뀌는 날도 올 수 있다. 그냥 한번 순수하게 행동해보자."" 
]"
[[이주의 전자뉴스] 체험·ESG…소비자 함께하는 참여 마케팅 '치열'],https://n.news.naver.com/mnews/article/138/0002129735?sid=105,"[




  [디지털데일리 백승은 기자] 이주(7월25일~7월29일)에는 국내외 기업이 소비자 참여 마케팅을 다양하게 진행했다. 소비자가 제품을 빌려 사용하거나 기업의 환경·사회·지배구조(ESG) 활동에 함께할 수 있도록 기회를 제공했다.   ◆코웨이, 해양 환경 보호 위한 ‘리버 플로깅 캠페인’ 진행=코웨이(대표 이해선 서장원)가 해양 환경 정화를 위한 환경·사회·지배구조(ESG) 활동의 일환으로 임직원 및 고객과 함께 하는 ‘리버 플로깅 캠페인’을 8월21일까지 진행한다.   플로깅(plogging)이란 스웨덴어 ‘plocka upp(줍다)’와 영어 ‘jogging(조깅)’을 합친 단어로, 달리기나 산책을 하면서 쓰레기를 줍는 친환경 운동이다.     ◆소니코리아 ‘링크버즈 시리즈’ 체험단 모집=소니코리아(대표 오쿠라 키쿠오)가 무선이어폰 링크버즈 체험단을 모집한다. 7월25일부터 8월7일까지 총 60명을 선발한다. 소니스토어 홈페이지를 통해 지원을 받는다. 이번 체험단은 자신의 생활 패턴에 따라 링크버즈와 링크버즈 S를 이용할 수 있다. 선발 결과는 8월11일 공지된다.   ◆코웨이, ‘청년친화형 기업 ESG 지원사업’ 참여…산업인력공단과 업무협약 체결=코웨이(대표 이해선 서장원)가 한국산업인력공단 및 한국생산성본부와 ‘청년친화형 기업 ESG 지원사업’ 업무협약을 체결하고 ‘청년고용 응원 멤버십’ 가입사로 이름을 올렸다.   고용노동부와 한국산업인력공단이 주관하는 청년친화형 기업 ESG 지원사업은 청년고용 문제 해결을 위해 정부와 기업이 손잡고 청년에게 필요한 직무훈련 및 일경험 기회를 제공하는 민관협업 프로젝트다. 코웨이는 이번 지원사업 참여를 통해 ‘청년고용 응원 멤버십’에 가입하여 청년들의 직무 역량 강화를 위한 프로그램을 추진한다.   ◆소니코리아, ‘소니 아티잔’ 공개 모집=소니코리아(대표 오쿠라 키쿠오)가 '소니 아티잔'을 공개 모집한다. 패션, 광고, 인물, 풍경, 여행, 스포츠&amp;공연, 특수촬영 등 다양한 분야에서 최대 8명의 인원을 선발할 예정이다. 프로그램 모집은 7월 27일부터 8월 24일까지 소니코리아 알파 홈페이지에서 진행한다. 선발된 인원은 2022년 10월부터 2023년 3월까지 약 6개월 동안 활동하게 된다.   ◆소니, ‘소니 퓨처 필름메이커 어워드’ 개최=소니가 후원하고 크레오가 주관하는 글로벌 단편 영화 대회 ‘소니 퓨처 필름메이커 어워드’의 참가 신청이 시작됐다.소니 퓨처 필름메이커 어워드는 올해 처음 열린다. 이번 어워드에서는 총 30명의 영화 제작자가 최종 후보로 선정되며, 최종 후보자는 2023년 2월 로스앤젤레스에서 열리는 시상식에 참석하게 된다. 12월13일까지 5~20분 사이 촬영한 영상을 제출하면 된다.    필름메이커 부문 우승자에게는 시네마 라인 카메라 ‘FX9’과 5천달러의 상금이 부상으로 제공된다. 학생 필름메이커 부문 우승자 및 소속 기관에게는 소니의 디지털 이미징 기기를, 퓨처 포맷 부문 우승자에게는 소니의 디지털 이미징 기기와 2천5백달러의 상금이 주어진다.   ◆바디프랜드, 성북구 관내 경로당에 안마의자 133대 공급=바디프랜드(총괄부회장 지성규)가 서울 성북구 관내 경로당에 안마의자 총 133대를 공급하는 계약을 체결했다. 이번에 설치 된 안마의자는 ‘아제라플러스’ 모델이다.    바디프랜드는 기존 노후된 안마의자를 수거한 후 전담 배송팀 및 서비스팀을 꾸려 관내 133곳에 설치를 완료했다.    ◆코웨이, ‘프라임 아이스 맥스’ 스탠드 정수기 출시=코웨이(대표 이해선 서장원)가 스탠드형 얼음정수기 ‘프라임 아이스 맥스(CHPI-5810L)’를 출시했다.   이 제품은 얼음과 냉수를 따로 만드는 듀얼 냉각 시스템을 적용했다. 일일 최대 약 10.3킬로그램(kg), 약 980개 얼음을 생성한다. 3.8kg의 대용량 얼음 저장고를 적용했다. 냉수 용량은 최대 50잔까지 연속 추출이 가능한 6리터(L)다.   ◆SK매직, ‘2022 프리미엄브랜드지수(KS-PBI)’ 정수기 부문 1위=SK매직(대표 윤요섭)이 한국표준협회가 주최하는 ‘2022 KS-PBI’ 정수기 부문에서 2년 연속 1위로 선정됐다.    KS-PBI는 한국표준협회와 서울대 경영연구소가 공동 개발한 가치 평가모델로 2008년부터 매년 발표하고 있다.   ◆청호나이스, 매트리스 케어 서비스 최대 50% 할인=청호나이스(대표 오정원)가 8월31일까지 ‘매트리스 케어 서비스’ 1회 50% 할인 체험 프로모션을 진행한다. 이번 프로모션은 신규 고객 대상으로 진행되며 매트리스 브랜드에 관계없이 ‘케어 서비스’를 원하는 고객이라면 누구든지 이용할 수 있다.   ◆쿠쿠홈시스, 인스퓨어 공기청청기 ‘브릭’ 출시=쿠쿠홈시스(대표 구본학)가 '인스퓨어 공기청정기 브릭'을 출시했다. 출고가는 32만9000원이다.   청정 면적은 47.9제곱미터(㎡)다. 전면에서 흡입한 공기를 걸러 상부에서 깨끗한 공기를 토출하는 방식의 ‘에어 테크놀로지’ 구조를 적용했다. 프리 필터를 통해 머리카락이나 동물 털 등 입자가 큰 먼지를 1차로 걸러주고 H13 토탈케어 안심필터(탈취 필터, 초미세먼지 집진필터)로 포름알데히드, 암모니아, 아세트알데히드 등 5대 유해가스를 없애 준다.    ◆신일전자, ‘에코 음식물 처리기 시즌 2’ 출시=신일전자(대표 정윤석)가 ‘에코 음식물 처리기 시즌2’를 출시했다. 출고가는 89만9000원이다.   이번 신제품은 기존 제품 대비 음식물 쓰레기 처리 시간을 약 33%가량 단축했다. 고온 건조 맷돌 방식으로 음식물 쓰레기 부피를 89% 이상 감소시킨다. '데미스터 제습 방식'을 적용해 습기와 냄새를 최소화한다.   ◆아이나비시스템즈, HL클레무브와 ‘레벨4’ 자율 주행 기술 협력=아이나비시스템즈(대표 성득영)는 한라그룹 자율주행 솔루션 전문 기업인 HL클레무브와 레벨4의 자율 주행 기술 협력을 위한 업무 협약(MOU)를 체결했다.   이번 협약을 통해 자율 주행 오토 셔틀 및 고정밀지도 제작, 측위 기술 공동개발까지 레벨4 자율 주행에 필요한 핵심 기술 개발을 함께 한다. 아이나비시스템즈는 자율 주행 셔틀 주행 지역의 고정밀지도를 공급하는 역할을 수행한다.   ◆전자랜드, 휴대성 뛰어난 포터블 기기 판매 증가=전자랜드(대표 옥치국)가 올여름 휴대성이 좋은 ‘포터블 기기’의 판매량이 증가하고 있다고 밝혔다. 전자랜드가 2022년 7월 1일부터 24일까지 가전 판매량을 조사한 결과, 태블릿PC와 블루투스 음향기기의 판매량이 전년 동기간 대비 각각 122%, 80% 성장했다.   ◆팅크웨어, 7월 아이나비 전자지도 정기 업그레이드=팅크웨어(대표 이흥복)가 아이나비 전자지도에 대한 7월 정기 업그레이드를 실시했다.    팅크웨어는 지난 3월부터 5월까지 현지 조사를 거쳐 진행한 이번 정기 업그레이드에서는 전국 64개 시군구의 신설, 부분 개통 된 40개의 도로 정보를 업데이트했다.    ◆에코백스, 이마트로 오프라인 판매 확장=에코백스가 이마트 일렉트로마트 죽전점에 입점하며 오프라인 판매 채널을 확대한다.   신규 오픈한 에코백스 매장에서는 프리미엄 올인원 로봇청소기인 ‘디봇 X1 패밀리’와 AI 및 물걸레 기능이 강조된 ‘디봇 T10 패밀리’를 포함해 에코백스의 다양한 로봇청소기 모델을 만나볼 수 있다.   ◆샤오미, ‘샤오미 아이오닉 헤어 드라이어 2세대’ 국내 출시=샤오미가 ‘샤오미 아이오닉 헤어 드라이어 2세대’를 국내 시판한다. 출고가는 4만9800원이다.   샤오미 아이오닉 헤어드라이어 2세대는 내장된 이온 발생기가 5000만개 음이온을 방출해 모발의 정전기를 줄이고 곱슬기를 방지한다. 곡선형 블레이드와 공기 배출구로 구성된 설계로 풍력의 손실을 줄인다.  바람 온도를 초당 60회 측정하는 NTC온도 제어 시스템은 57℃의 일정한 온도를 유지한다.   ◆쿠쿠전자, ‘2022 공간디자인페어’ 참석=쿠쿠전자(대표 구본학)가 리베토코리아와 협업해 7월28일~31일까지 서울 강남구 코엑스 D홀에서 열리는 ‘2022 공간디자인페어’에서 다양한 생활가전을 선보인다.   쿠쿠전자는 이번 행사에서 ▲전기밥솥과 스팀 토스터 등 주방가전 ▲공기청정기·무선청소기·에어 서큘레이터 등 생활 청정가전 ▲펫 드라이룸·펫 급수기 등 넬로의 펫 가전을 배치해 전시한다. 
]"
"[순천대학생, 제주까지 플로깅…2023정원박람회 성공 기원]",https://n.news.naver.com/mnews/article/003/0011291576?sid=102,"[
기사내용 요약여순사건·제주4·3사건 현장탐방 및 환경오염 경각심 고취



순천대학교 학생들이 순천-제주 플로깅 출발에 앞서 7일 순천시청에서 노관규 순천시장과 출범식을 하고 있다. 순천시 제공 *재판매 및 DB 금지[순천=뉴시스] 김석훈 기자 = 국립 순천대학교 학생들이 2023순천만국제정원박람회 성공개최를 위해 제주까지 플로깅을 펼친다.7일 순천시에 따르면 순천대 제38대 청렴총학생회를 중심으로 121명의 재학생과 교직원이 여순사건과 제주4·3 사건 현장 탐방에 나선다. 학생들은 탐방 과정서 도보 플로깅(plogging) 활동을 펼치며 2023순천만국제정원박람회를 알릴 예정이다.학생들은 날로 심각해지는 온실가스와 일회용품 사용 등에서 비롯된 다양한 환경오염에 대한 경각심을 갖고 5일부터 11일까지 6박 7일간 순천과 제주도 일대에서 걸으며 쓰레기를 수거하고 환경 정화 활동을 펼친다.여순사건과 제주4·3사건 현장 탐방을 통해 지역 역사에 관심을 두고 바로 알 수 있는 계기를 만들고, 2023순천만국제정원박람회 성공개최, 순천대학교 의과대학 유치 등 홍보활동도 겸한다.노관규 순천시장은 출정식에서 ""지역 역사를 바로 알고, 미래 '대한민국 생태수도 일류 순천'이 나아가야 할 방향을 고민해보는 계기가 되길 바란다""며 ""호연지기의 도전정신을 기르고 건강하게 활동을 마칠 수 있도록 학생들을 응원한다""고 말했다.
]"
"[매일홀딩스 상하농원, ‘유네스코 세계유산’ 고창 갯벌서 플로깅 캠페인]",https://n.news.naver.com/mnews/article/020/0003438956?sid=101,"[




농어촌 체험형 테마공원 ‘상하농원’이 갯벌 환경보호를 위한 플로깅 캠페인을 진행했다.매일홀딩스는 지난 5일 상하농원이 람사르고창갯벌센터와 함께 갯벌 환경을 정화하는 ‘상하 플로깅 캠페인’을 진행했다고 8일 밝혔다.상하농원과 람사르고창갯벌센터가 같이 진행한 이번 플로깅 캠페인은 ESG(환경.사회.지배구조) 경영의 일환으로 마련됐다. 캠페인에 참여한 상하농원 방문고객과 임직원들은 람사르고창갯벌센터가 만든 플로깅 키트를 활용해 고창 갯벌의 주요 보호 지역인 특이 퇴적체 쉐니어(chenier; 해안을 따라 모래 혹은 조개껍데기 등이 쌓여 만들어진 언덕)를 따라 갯벌 환경 정화를 진행했다. 이번 캠페인을 통해 수거한 쓰레기와 폐기물은 약 1t 트럭 한 대 분량이다.상하농원 관계자는 “앞으로도 플로깅은 물론, 다양한 ESG 캠페인을 확대하여 지속가능한 사회 구성과 지역 발전을 위해 꾸준히 노력할 것” 이라고 말했다.한편 유네스코는 2021년 고창 갯벌을 세계유산으로 지정했다. 고창 갯벌은 서천 갯벌, 신안 갯벌, 보성·순천 갯벌과 함께 ‘한국의 갯벌’로 이름을 올렸다. 이들 갯벌은 지구 생물 다양성의 보존을 위해 탁월한 보편적 가치가 인정된다는 평가를 받았다.
]"
"[IBK기업은행, 임직원 걸음기부 캠페인 성료...4억800만원 기부]",https://n.news.naver.com/mnews/article/014/0004877616?sid=101,"[




IBK기업은행의 '소중한 발걸음' 캠페인 관련 이미지. IBK기업은행 제공  [파이낸셜뉴스] IBK기업은행은 임직원 걸음기부 캠페인을 성공적으로 마무리하고 기후변화센터와 에코맘코리아에 총 4억800만원의 기부금을 전달했다고 3일 밝혔다.   7월 한달간 기업은행 임직원 3000여명이 동참한 걸음기부 캠페인 '소중한 발걸음'은 당초 목표 걸음 수인 2억400만 걸음을 200% 조기 달성했다. 캠페인을 진행하는 동안 플로깅(조깅을 하며 쓰레기를 줍는 운동) 및 비대면으로 캠페인 참여가 가능한 메타버스 인증 이벤트도 실시했다.   이번 캠페인으로 조성된 4억800만원의 기부금은 폐비닐 업사이클링 화분 제작과 탄소중립 매거진 발간, UN청소년환경총회 개최에 쓰여질 예정이다.   이번 기업은행의 '소중한 발걸음' 캠페인은 'IBK 2040 탄소중립' 이행 원년을 맞아 임직원들이 걷기를 통해 나눔을 실천하는 사회공헌 활동으로 기획됐다. #IBK기업은행 #탄소중립 #업사이클링 #플로깅 #기후변화센터 #에코맘코리아 #걸음기부  
]"
[[청주소식] 'AI 예방' 가금농장시설 방역 점검 등],https://n.news.naver.com/mnews/article/003/0011318896?sid=102,"[




[청주=뉴시스] 임선우 기자 = 충북 청주시는 겨울철 고병원성 조류인플루엔자(AI) 발생을 예방하고자 8월30일까지 가금농장시설 2차 방역 점검을 한다고 21일 밝혔다.점검 대상은 5~6월 1차 점검에서 미흡 사항이 있던 농가와 미점검 농가, 축산계열 사업자의 계약사육 농가, 가금류 10만 마리 이상 사육농가 등 54곳이다.▲전실·방역실·야생조류 차단망·CCTV 등 법정 방역시설 설치 여부 ▲차량·대인 소독기, 신발소독조 등 소독시설 적정 운영 여부 ▲출입·소독기록 작성, 폐사율·산란율 기록·보고 준수 등을 점검한다.◇대청호미술관 플로깅 프로그램충북 청주시립대청호미술관은 9월1일부터 12월9일까지 100일간 '대청호 쓰담쓰담' 플로깅 프로그램을 운영한다.대청호 현장활동과 쓰레기 수집, 사진 촬영, 활동기록서 작성 등을 비대면으로 수행한 뒤 대표 수집물을 제출하는 과정이다.참여 접수는 다음 달 14일까지 이메일(daecheonghoartmuseum@gmail.com)로 받는다. 선정된 100명에게는 비닐봉자, 집게, 장갑, 플로깅 가방 등이 들어 있는 '쓰담 키트'가 제공된다.
]"
"[한진, 이타서울과 플로깅·자원순환체험 활동 진행]",https://n.news.naver.com/mnews/article/629/0000163621?sid=101,"[
CSV 일환으로 실시…친환경·동반성장 가치 실현



한진이 비영리 기부 스타트업 이타서울과 함께 자원순환체험 활동을 하는 '자원순환캠프'를 실시한다. 해당 캠프에서는 걸으며 쓰레기를 줍는 '플로깅', 분리배출 체험, 옷 기부, 빈 용기를 가져가 세제를 담아가는 '리필스테이션' 등의 체험을 할 수 있다. /한진 제공한진이 비영리 기부 스타트업 이타서울과 함께 서울시 내 쓰레기를 줍는 '플로깅'과 자원순환체험 활동을 하는 '자원순환캠프'를 실시한다고 28일 밝혔다.이번 캠프는 이달부터 오는 9월까지 총 5차례 진행되며 CSV(공유가치창출, Creating Shared Value)의 일환으로 진행된다. 참가자들은 걸으면서 쓰레기를 플로깅, 분리배출 체험∙교육, 옷 기부, 리필스테이션(빈 용기를 가져오면 주방‧세탁세제를 담아갈 수 있는 제로 웨이스트 활동), 업사이클링 체험 등 다양한 프로그램을 체험할 수 있다.특히, 플로깅 행사에 필요한 집게, 생분해 봉투, 손수건은 친환경 동행 플랫폼 '그린 온 한진(Green on Hanjin)' 판매수익의 일부를 기부해 마련했다. '그린 온 한진'은 한진이 비용문제, 참여방법 등으로 인해 친환경 활동에 쉽게 동참하지 못하는 1인 창업자와 소상공인을 위해 런칭한 플랫폼이다.자원순환캠프는 광진구(7월 27일), 중랑구(8월 3일), 송파구(8월 17일), 동작구(8월 24일), 서대문구(9월 8일) 등 서울시 다섯 곳에서 진행되며, 초등학생, 중‧고등학생, 성인 등 다양한 연령대의 시민과 함께 프로그램을 꾸릴 예정이다.한진은 자원순환캠프와 함께 지난해 11월부터 CSV 활동과 연계하여 '착한소비' 문화 확산을 위한 '러브 커넥트(Love Connect) 캠페인'을 진행해 오고 있다.먼저 농·수·축산물 판로 확대를 위한 기프트카드 '내지갑속선물'의 판매액 중 장당 1000원을 모금해 비글구조네트워크에 기부하는 '댕댕아, 행복하개 지켜줄개' 캠페인을 진행했으며, 친환경 동행 플랫폼 '그린 온 한진(Green on Hanjin)'에서 친환경 제품 구매 시 구매 금액의 5%를 기부하는 '탄소Bye, 그린Buy' 캠페인을 올해 4월부터 6월까지 실시했다.또 지난 18일부터 진행 중인 '아이들에게 희망을 원클릭' 캠페인을 통해 1인 창업자와 소상공인을 대상으로 2019년 출시한 '원클릭 택배서비스'에서 발생한 수익금 일부, 그리고 임직원 개인 후원을 함께 초록우산어린이재단에 기부하며 착한소비의 가치를 알리고 있다.발로 뛰는 더팩트는 24시간 여러분의 제보를 기다립니다.▶카카오톡: '더팩트제보' 검색▶이메일: jebo@tf.co.kr▶뉴스 홈페이지: http://talk.tf.co.kr/bbs/report/write
]"
"[진에어·폴 바셋 임직원, 제주도 환경 정화 활동 진행]",https://n.news.naver.com/mnews/article/018/0005282040?sid=101,"[
제주 올레 17코스 환경 정화최연소 월드 바리스타 챔피언 폴 바셋 참여고객 참여형 플로깅 캠페인도 예정[이데일리 손의연 기자] 진에어(272450)가 1일 스페셜티 커피 전문점 폴 바셋과 함께 제주도에서 환경 정화 활동을 진행했다고 2일 밝혔다. 최연소 월드 바리스타 챔피언 폴 바셋(Paul Bassett)도 함께 참여했다.



지난 1일 진에어와 폴 바셋 임직원들이 제주 올레 17코스에서 환경 정화 활동을 진행했다. (사진=진에어)이번 활동은 ‘Be Green Be Happy’ 슬로건 아래 진에어 객실승무원, 폴 바셋 바리스타 등 양사 임직원 20여명이 제주도 올레 17코스를 걸으며 동시에 쓰레기를 줍는 플로깅 방식으로 진행됐다. 진에어와 폴 바셋은 환경 보호 활동 참여를 독려하는 고객 참여형 플로깅 캠페인도 전개한다. 캠페인은 8월 11일부터 9월 18일까지 진행되며, 누구나 참여 가능하다. 참여 방법은 회사나 집 주변 등에서 자유롭게 플로깅 활동을 완료하고 진에어, 폴바셋, 그린캠페인 등의 해시태그와 함께 SNS 인증샷을 공유하면 된다. 진에어와 폴 바셋은 참여 고객 중 추첨을 통해 국내선 왕복 항공권, 폴 바셋 텀블러를 선물한다. 올바른 플로깅 실천을 돕고자 에코백, 생분해비닐, 바리스타 파우치 등으로 구성된 친환경 플로깅 키트를 진에어의 온라인 쇼핑몰 지니스토어에서 선착순으로 신청 받는다.진에어 관계자는 “이번 행사는 양사 임직원들이 모여 자연의 소중함을 되새기는 뜻 깊은 시간이었다”며 “앞으로도 ESG(환경·사회·지배구조) 경영 실천을 위해 모두가 참여할 수 있는 친환경 캠페인을 전개해 나가겠다”고 말했다.한편 진에어와 폴 바셋은 지난 4월에 양사 고객 대상 공동 프로모션 진행, 임직원 및 고객 참여형 친환경 캠페인 전개, 상호 시너지 창출을 위한 신규 업무 발굴 등을 위한 공동 마케팅 업무협약을 맺은 바 있다.
]"
"[위니아에이드, '플로깅데이' 실시…ESG 경영 강화]",https://n.news.naver.com/mnews/article/003/0011323442?sid=101,"[
기사내용 요약매월 2회 지역 사회 환경 정화 활동 진행



[서울=뉴시스] 위니아에이드, ESG경영 일환 '플로깅 데이' 캠페인 실시. (사진=위니아에이드 제공) 2022.07.25. photo@newsis.com *재판매 및 DB 금지[서울=뉴시스]동효정 기자 = 위니아에이드가 환경 보호 캠페인 '플로깅 데이(Plogging Day)'를 진행했다.25일 위니아에이드는 '지구와 함께 달립니다'라는 슬로건 아래 임직원이 함께하는 캠페인을 실시했다고 밝혔다. 이번 캠페인은 ESG(환경·사회·지배구조) 경영 실천의 일환으로, 위니아에이드 사옥이 위치한 경기 화성시에서 지역사회 환경 정화에 기여하고 기업의 사회적 책임을 다하기 위해 기획했다. '플로깅'은 스웨덴어의 '플로카 우프(줍다)'와 '조가(달리다)'를 합성해 만든 '플로가(plo-gga)'에서 유래한 용어다. 조깅을 하면서 동시에 쓰레기를 줍는 친환경 운동을 의미한다.이번 캠페인에는 100여 명의 임직원이 참여했다. 비닐봉지와 일회용 장갑 대신 환경 보호 캠페인이라는 취지를 살려 식물성 원료로 만든 100% 생분해 친환경 봉투와 다회용 목장갑, 집게 등으로 구성된 플로깅 용품을 활용해 진행됐다. 임직원들은 위니아에이드 사옥 주변의 봉담 호수공원 및 봉담 초등학교 등을 걸으며 일회용 컵, 폐플라스틱 등을 비롯한 쓰레기를 수거했다.위니아에이드는 이번 플로깅 데이 캠페인을 오는 연말까지 매월 둘째 주와 넷째 주 수요일마다 4곳의 구역을 중심으로 정기적으로 운영한다. 지역사회와 연계한 ESG 활동을 추가 기획 및 검토해 친환경 사회공헌활동을 더욱 확대해 나갈 계획이다.위니아에이드 관계자는 ""ESG 경영활동의 일환으로 기획된 플로깅 데이 캠페인은 임직원들이 한마음으로 사옥 일대를 정비하며 친환경 운동을 실천하고 그 의미를 되새긴 뜻깊은 시간이었다""며 ""앞으로도 기업의 사회적 책임을 다하고 고객만족과 지역사회와의 상생을 위한 다양한 활동을 적극 펼쳐나가겠다""고 밝혔다.
]"
[비건 가죽을 친환경이라고 할 수 있을까],https://n.news.naver.com/mnews/article/036/0000046807?sid=102,"[
[비건 비긴][비건 비긴] 채식주의 개념에서 확장해 뷰티·패션 제품에도 적용 매출 규모는 아직 미미한 편



비건 화장품 구독서비스 ‘톤28’이 크루들과 함께 진행한 해양쓰레기 수거 캠페인. 톤28 제공비건 화장품을 정기적으로 ‘구독’하면 ‘플로깅’(조깅하면서 길가의 쓰레기를 줍는 일)에 필요한 키트가 따라온다. 비건 화장품 맞춤형 구독서비스를 제공하는 업체 ‘톤28’에서 마련한 캠페인이다. 집에서 화장품을 받아보는 구독서비스를 신청하는 대신, 별도로 ‘톤28 크루’ 가입 신청을 해도 키트를 받을 수 있다. ‘크루’ 가입은 플라스틱으로 만든 빨대나 화장품 용기, 일회용 컵 등을 사용하지 않겠다고 서약해야 가능하다. 동물 성분을 배제한 비건 화장품을 만들고, 플라스틱 쓰레기를 최소화하려 고체 샴푸나 종이팩에 담긴 화장품을 만드는 것을 넘어, 일상에서도 ‘환경을 위해 행동한다’는 업체의 사명을 실천하도록 마련한 장치다. 정마리아 톤28 공동대표는 “플로깅을 하면서 실제로 플라스틱과 비닐이 썩지 않고 (땅에) 박혀 있는 걸 봐야 심각성을 깨닫고 소비행태를 바꿀 수 있다고 생각해 시작한 캠페인”이라고 설명했다. ‘크루’가 인스타그램 등에 플로깅 참여를 인증하면, 참여 횟수만큼 회사가 일정 금액을 적립해 유기견 보호센터 등에 기부도 한다. 비건 화장품에 대한 관심을 쓰레기와 동물권 등 폭넓은 환경문제로 이끄는 셈이다. 



LG생활건강의 ‘더페이스샵’이 출시한 비건 스킨케어 화장품 ‘더테라피’ 라인. LG생활건강 제공‘성분’ ‘화장품’ 등 비건 개념 확장과거 ‘채식주의’와 동의어로 쓰일 만큼 먹는 행위에 한정됐던 ‘비건’ 또는 ‘비거니즘’이라는 용어가 최근에는 일상에서 입고, 바르고, 사용하고, 소비하는 것을 뜻할 정도로 의미가 확장됐다. 비건 자체를 하나의 생활방식(Lifestyle)으로 삼아 여러 방면에서 실천하는 행위로 받아들이는 인식이 점차 높아진 것이다. 실제로 대홍기획이 트위터, 블로그, 커뮤니티, 인스타그램 등 사회관계망서비스(SNS)에서 ‘비거니즘’과 관련해 쓰인 연관어를 분석한 결과, 2017년에는 ‘다이어트’ ‘건강’ ‘채식’, 2019년에는 ‘베이커리’ ‘카페’ 등이 언급되다가 2021년 상반기부터 ‘성분’ ‘화장품’ ‘환경’ 등 새로운 키워드가 등장하며 ‘비건’ 개념이 확장되는 양상을 보인다. 여성과 2030세대를 중심으로 비건 제품 구매 의향도 높게 나타난다. 한국리서치가 2022년 5월 전국 만 18살 이상 남녀 1천 명을 조사한 결과를 보면 비건 식품 구매 경험이 있는 사람이 24%였다. 비건 뷰티 제품(19%)과 비건 패션 제품(17%) 구매 경험이 있는 사람도 5명 중 1명꼴이었다. 특히 여성과 18∼29살, 30대 응답자의 46%가 “앞으로 화장품, 의류 등 비건 제품을 구매할 의향이 있다”고 했고, 여성 응답자 10명 중 6명(62%)은 “비건 제품이 향후 우리 사회에서 삶의 방식 중 하나로 자리잡을 것”이라고 답했다. 샤넬, 구치 등 유명 브랜드 동물 털 쓰지 않아식품 외에 비건 제품이 가장 활발하게 연구, 출시되는 분야는 화장품과 패션 분야다. 화장품에 주로 사용되는 동물성 원료는 프로폴리스나 왁스 등 꿀벌 유래 성분, 연지벌레를 갈아서 만드는 색소, 당나귀유처럼 스킨케어 제품에 포함된 우유 성분, 콜라겐 등 동물성 단백질 유래 성분 등이 있다. 비건 화장품은 이런 성분 대신 식물 유래 성분을 사용한다. 1995년 설립된 영국의 ‘러쉬’(LUSH)가 대표적인 비건 뷰티 브랜드로 꼽힌다. 러쉬는 채소·과일·꽃 등 식물성 원료를 사용하고, 동물실험을 하지 않으며, 최소한의 포장과 보존제를 사용한다. 한국은 2017년부터 동물실험을 한 화장품을 제조하거나 수입, 유통, 판매하는 것을 금지한 화장품법 개정안이 시행됐다. 식물성 재료를 사용하는 국내 브랜드도 늘고 있다. 러쉬처럼 비건 제품을 전면에 내세운 ‘멜릭서’ ‘톤28’ 등의 업체가 설립됐고, 엘지(LG)생활건강 등 기존 화장품 회사에서도 ‘비건’ 제품을 잇따라 내놓고 있다. 엘지생활건강은 2021년 ‘클린뷰티연구소’를 설립한 뒤 동물 유래 원료를 사용하지 않고 공정무역 원료를 발굴하며 제품 개발 과정에서 탄소 발생을 줄이는 공정의 연구를 진행하고 있다. 이 회사는 2022년에 비건 메이크업 브랜드 ‘프레시안’을 시장에 내놨다. 무화과, 허브 등 식물 유래 원료를 사용하고 ‘퍼프’ 등의 화장품 도구도 옥수수 전분으로 만들었다. 씨제이(CJ)올리브영은 2022년 ‘비건 뷰티’를 핵심 전략 키워드로 삼고 주요 매장에 ‘비건 뷰티 존’을 만드는가 하면, 자사 입점 브랜드 가운데 비건 인증 기준을 갖춘 제품을 선별해 ‘올리브영 비건 뷰티’ 인증마크를 부여해 소비자에게 적극 알리고 있다. 올리브영 관계자는 “비건 뷰티 제품의 매출 규모를 보면 2022년 1분기에 견줘 2분기에 69% 늘어난 성장세를 보인다”고 밝혔다.패션 분야에서도 모피, 가죽 등 동물성 소재를 쓰지 않기 위한 연구개발이 활발하다. 이 분야에서 동물 소재에 대한 문제제기가 나온 것은 주로 ‘모피’ 때문이었다. 모피 코트 하나를 만드는 데 40마리 이상의 동물이 필요하다는 환경단체의 문제제기가 이뤄지면서다. 캘빈클라인은 1994년 동물 털과 가죽을 쓰지 않는다는 의미의 ‘퍼 프리’(Fur Free) 선언을 했고 샤넬, 구치, 버버리, 랄프로렌 등 유명 브랜드가 단계적으로 ‘퍼 프리’에 참여했다. 비건 패션은 모피뿐 아니라 가죽, 실크, 울, 다운(오리와 거위 털) 등 동물에서 얻을 수 있는 소재를 일절 사용하지 않고 인공적으로 또는 친환경 소재로 제작된 의류를 말한다. 더 나아가 재생물질을 사용해 환경을 보호하는 의미까지 담는다. 동물성 재료 대신 쓰이는 것은 △유기농 면, 리넨, 코르크 고무 등 천연소재 △폴리우레탄, 울트라레더, 폴리에스테르 등 합성소재 △타이어, 골판지 같은 재활용 소재다. 



지속가능한 패션 브랜드 ‘오픈플랜’이 나무, 꽃, 과일 껍질, 뿌리 등 천연 재료에서 추출한 염료를 활용해 ‘식물 염색’한 셔츠드레스. 오픈플랜 제공플라스틱 레더를 친환경이라 할 수 있을까식물성 원료를 이용해 새로운 소재도 개발한다. 에르메스가 2021년 버섯 균사체로 만든 가죽인 ‘실바니아’로 제작한 가방을 출시한 것이 대표적이다. 버섯 균사체를 이용한 마일로(Mylo)와 콤부차(Kombucha) 가죽뿐 아니라 와인 생산과정에서 생긴 포도 부산물로 만든 비제아(Vegea) 가죽, 폐기된 파인애플 잎으로 만든 피나텍스(Pinatex) 가죽, 사과표피 가죽과 선인장 가죽 등이 개발됐다. 다만 단순히 동물성 소재를 쓰지 않는다고 ‘환경에 영향을 덜 끼치는가’란 질문에 긍정적으로 답하긴 어렵다. 최근 동물성 소재의 대안으로 쓰이는 석유 기반 합성소재가 오히려 환경에 더 해롭다는 주장이 제기되면서, 재활용 플라스틱을 활용하거나 재고 원단을 재사용하는 등의 방법으로 지속가능성을 높이는 방식도 일부 패션 브랜드에서 시도하고 있다.지속가능한 패션을 내세운 브랜드 ‘오픈플랜’을 운영하는 이옥선 디자이너는 이런 고민을 털어놓았다. “‘비건 레더’를 예로 들자면 식물 유래 원단이기는 하지만 여전히 미세플라스틱을 발생시키는데 이걸 ‘친환경’이라고 부를 수 있을까 싶어요. 선인장이나 포도 껍질을 사용해도 차라리 자연에서 썩게 하는 게 낫지 않을까 하는 질문도 생기고요. 소재를 바꿔도 ‘대량 생산-대량 소비-대량 폐기’로 이어지는 구조가 유지되는 한 한계가 있다는 점을 빼놓으면 안 된다는 생각도 들어요. 소재만이 지속가능성을 위한 변화의 전부가 아니고 재료의 재배 단계부터 염색, 유통, 사용, 폐기의 전 단계 그리고 그 과정에서 노동 문제까지 함께 고민해야 한다고 생각합니다.” 그럼에도 이 디자이너는 “패션계 안에서 비건에 대한 관심이 수적으로 늘어나는 것은 사실이고 앞으로 사용자나 생산자가 이런 고민에 더 많이 노출될수록 진정성을 갖는 브랜드도 많아질 거라 기대한다”고 말했다.



매출 낮지만 구매 의향률 높아이처럼 산업계 전반으로 비건 제품에 대한 관심이 점차 높아지지만, 시장 규모 차원에서 보면 비건 제품은 출발선에 서 있다. 우선 절대적 구매량이 아직 미미한 수준이다. 대홍기획이 2021년 1∼8월 ‘롯데멤버스’ 구매 데이터를 분석한 결과, 비건 제품이 진출한 37개 카테고리의 전체 구매 건수에 견줘 비건 제품 구매 건수는 0.005%에 그쳤다. 비교적 제품 구매 건수가 많은 ‘화장품·뷰티케어’ 부문이 그나마 0.082%를 기록했으나, 이조차 0.1% 미만이다. 대홍기획은 “소비자 500명을 대상으로 조사한 결과 비건 제품 구매 의향률은 대부분 항목에서 기존 구매 경험자 비율보다 높아 향후 시장 전망은 긍정적으로 본다”면서도 “여전히 구매하려는 비건 카테고리는 (식품과 화장품 등) 1~2개에 한정돼 있다”고 밝혔다. 가격이 비싸고, 살 곳을 찾기가 어려우며, 제품 종류가 다양하지 않다는 점 등이 비건 제품의 접근성을 낮추는 요인으로 꼽혔다. 참고 문헌주간리포트 ‘여론 속의 여론-비거니즘, 지속될 수 있을까?’, 한국리서치, 2022년‘데이터로 읽는 비거니즘 맥락’, 대홍기획, 2021년‘대안 전략으로의 비건 패션 브랜드 현황’, 김남희·박선희, 한국패션디자인학회지 제18권 4호, 2018년
]"
"[해양 환경 보호…코웨이, '리버 플로깅 캠페인' 실시]",https://n.news.naver.com/mnews/article/003/0011323867?sid=101,"[
기사내용 요약달리면서 쓰레기 줍는 친환경 운동선착순 100명에 플로깅 키트 제공참가자 추첨 통해 ‘노블 공청기' 증정



[서울=뉴시스] 코웨이 '리버 플로깅 캠페인'. (사진=코웨이 제공) 2022.07.25. photo@newsis.com *재판매 및 DB 금지[서울=뉴시스]권안나 기자 = 코웨이가 환경·사회·지배구조(ESG) 활동의 일환으로 임직원 및 고객과 함께 하는 '리버 플로깅 캠페인'을 내달 21일까지 진행한다고 25일 밝혔다. 플로깅은 스웨덴어 'plocka upp(줍다)'와 영어 'jogging(조깅)'을 합친 단어다. 달리기나 산책을 하면서 쓰레기를 줍는 친환경 운동이다. 코웨이는 휴가철을 맞아 강물과 바다를 깨끗하게 지키고 일상 속 환경보호 실천 문화를 확산시키기 위해 이번 플로깅 캠페인을 기획했다. 코웨이 리버 플로깅은 코웨이 임직원 뿐 아니라 일반 시민 누구나 참여 가능하다. 해변, 강변, 계곡 등 물이 있는 곳 주변의 쓰레기를 수거한 뒤 활동 사진을 자신의 인스타그램에 올리면 된다. 필수 해시태그(#코웨이리버플로깅 #플로깅 등)와 함께 코웨이 공식 계정을 태그하면 참여가 완료된다.코웨이는 리버 플로깅 참여를 응원하기 위해 다양한 선물을 증정한다. 선착순 100명에게는 생분해성 봉투와 집게, 장갑 등으로 구성된 플로깅 키트를 무상 증정한다. 플로깅 키트는 코웨이 공식 홈페이지를 통해 신청할 수 있다. 또 캠페인 참가자 중 추첨을 통해 코웨이 노블 공기청정기(3명), 애플워치7(5명), 스타벅스 쿠폰(100명) 등을 제공한다.
]"
"[한진, 비영리 기부 스타트업 이타서울과 '플로깅·자원순환활동' 진행]",https://n.news.naver.com/mnews/article/014/0004874515?sid=101,"[




한진이 비영리 기부 스타트업 이타서울과 함께 서울시 내 쓰레기를 줍는 플로깅 활동을 하는 모습. 한진 제공 [파이낸셜뉴스] 한진이 비영리 기부 스타트업 이타서울과 손잡고 서울시 내 쓰레기를 줍는 플로깅 활동 및 자원순환체험 활동을 오는 9월까지 총 5차례 진행한다고 28일 밝혔다.   공유가치창출(CSV) 일환으로 진행되는 ‘그린온한진과 함께 찾아가는 자원순환캠프’ 행사에서는 △플로깅 △분리배출 체험·교육 △옷 기부 △리필스테이션(빈 용기를 가져오면 주방·세탁세제를 담아갈 수 있는 제로 웨이스트 활동) △업사이클링 체험 등 다양한 프로그램을 진행한다.   플로깅 행사에 필요한 집게, 생분해 봉투, 손수건은 친환경 동행 플랫폼 '그린 온 한진' 판매수익 일부를 기부해 마련했다. '그린 온 한진'은 한진이 비용문제, 참여방법 등으로 인해 친환경 활동에 쉽게 동참하지 못하는 1인 창업자와 소상공인을 위해 런칭한 플랫폼이다.   자원순환캠프는 서울 광진구(7월 27일), 중랑구(8월 3일), 송파구(8월 17일), 동작구(8월 24일), 서대문구(9월 8일) 등 서울시 다섯 곳에서 진행된다. 초등학생, 중·고등학생, 성인 등 다양한 연령대의 시민과 함께 프로그램을 꾸릴 예정이다.   한진 관계자는 ""한진은 ESG 선도기업으로서, 그리고 지역사회의 일원으로서 친환경 및 동반성장의 가치를 실현할 수 있도록 앞으로도 다양한 CSV모델을 발굴하겠다""고 말했다.
		]"
"[해양 환경 보호…코웨이, '리버 플로깅 캠페인' 실시]",https://n.news.naver.com/mnews/article/003/0011323867?sid=101,"[
기사내용 요약달리면서 쓰레기 줍는 친환경 운동선착순 100명에 플로깅 키트 제공참가자 추첨 통해 ‘노블 공청기' 증정



[서울=뉴시스] 코웨이 '리버 플로깅 캠페인'. (사진=코웨이 제공) 2022.07.25. photo@newsis.com *재판매 및 DB 금지[서울=뉴시스]권안나 기자 = 코웨이가 환경·사회·지배구조(ESG) 활동의 일환으로 임직원 및 고객과 함께 하는 '리버 플로깅 캠페인'을 내달 21일까지 진행한다고 25일 밝혔다. 플로깅은 스웨덴어 'plocka upp(줍다)'와 영어 'jogging(조깅)'을 합친 단어다. 달리기나 산책을 하면서 쓰레기를 줍는 친환경 운동이다. 코웨이는 휴가철을 맞아 강물과 바다를 깨끗하게 지키고 일상 속 환경보호 실천 문화를 확산시키기 위해 이번 플로깅 캠페인을 기획했다. 코웨이 리버 플로깅은 코웨이 임직원 뿐 아니라 일반 시민 누구나 참여 가능하다. 해변, 강변, 계곡 등 물이 있는 곳 주변의 쓰레기를 수거한 뒤 활동 사진을 자신의 인스타그램에 올리면 된다. 필수 해시태그(#코웨이리버플로깅 #플로깅 등)와 함께 코웨이 공식 계정을 태그하면 참여가 완료된다.코웨이는 리버 플로깅 참여를 응원하기 위해 다양한 선물을 증정한다. 선착순 100명에게는 생분해성 봉투와 집게, 장갑 등으로 구성된 플로깅 키트를 무상 증정한다. 플로깅 키트는 코웨이 공식 홈페이지를 통해 신청할 수 있다. 또 캠페인 참가자 중 추첨을 통해 코웨이 노블 공기청정기(3명), 애플워치7(5명), 스타벅스 쿠폰(100명) 등을 제공한다.
]"
"[위니아에이드, 플로깅데이 캠페인 실시…ESG 경영 강화]",https://n.news.naver.com/mnews/article/421/0006237420?sid=101,"[




위니아에이드, ESG경영 일환 ‘플로깅 데이’ 캠페인 실시 (위니아 제공) © 뉴스1(서울=뉴스1) 노우리 기자 = 위니아에이드가 임직원이 함께하는 환경 보호 캠페인 '플로깅 데이(Plogging Day)'를 진행했다고 25일 밝혔다.이번 캠페인은 위니아에이드 사옥이 위치한 경기도 화성시에서 진행됐다. '플로깅'은 스웨덴어의 '플로카 우프(줍다)'와 '조가(달리다)'를 합성해 만든 '플로가(plo-gga)'에서 유래한 용어로 조깅을 하면서 쓰레기를 줍는 친환경 운동을 의미한다.100여명의 임직원은 위니아에이드 사옥 주변을 걸으며 일회용 컵, 폐플라스틱 등을 비롯한 쓰레기를 수거했다.위니아에이드는 플로깅데이 캠페인을 오는 연말까지 매월 둘째주와 넷째주 수요일마다 운영할 계획이다. 위니아에이드 관계자는 “앞으로도 기업의 사회적 책임을 다하고 고객만족과 지역사회와의 상생을 위한 다양한 활동을 적극 펼쳐나가겠다”고 밝혔다.
		]"
"[바리스타 폴 바셋, 3년 만에 방한…제주서 커피추출 행사 및 플로깅 활동]",https://n.news.naver.com/mnews/article/020/0003442434?sid=101,"[




호주 출신 바리스타 폴 바셋이 3년 만에 한국을 방문한다.27일 매일유업에 따르면, 폴 바셋은 내달 2일 폴 바셋 제주 용담 DT점과 제주 아라 DT점에서 커피 추출 행사를 진행한다. 신종 코로나바이러스 감염증(코로나19)으로 2019년 이후 중단된 후 3년 만이다. 다만 재유행 상황을 고려해 제주 매장에서 단 하루만 행사를 진행하기로 했다.이날 행사에서 폴 바셋은 시그니처 메뉴인 룽고와 카페라떼, 플랫화이트를 비롯한 에스프레소 메뉴들을 직접 만들어 제공할 예정이다.폴 바셋 김용철 대표는 “휴가 시즌을 맞아 제주도를 찾은 고객들에게 깜짝 선물 같은 이벤트를 기획했다”며 “3년 만에 진행되는 행사인 만큼 고객들에게 큰 즐거움을 선사할 수 있길 바란다”고 말했다. 한편, 폴 바셋은 내달 1일에 용담 해안도로를 따라 진행되는 ‘폴 바셋 X 진에어 임직원 플로깅’ 활동에도 참여한다.
]"
"[코웨이, 산책하며 쓰레기 줍는 '리버 플로깅' 캠페인]",https://n.news.naver.com/mnews/article/015/0004728496?sid=101,"[




코웨이 임직원들이 리버 플로깅 캠페인의 하나로 쓰레기를 줍고 있다.코웨이는 해양 환경 정화를 위한 ESG(환경·사회·지배구조) 활동의 하나로 임직원 및 고객과 함께 하는 '리버 플로깅 캠페인'을 8월 21일까지 진행한다고 25일 밝혔다.  플로깅(plogging)은 '줍다'를 뜻하는 스웨덴어와 '조깅'을 의미하는 영어 단어의 합성어로 달리기나 산책을 하며 쓰레기를 줍는 것을 말한다. 코웨이는 휴가철을 맞아 강물과 바다를 깨끗하게 지키고 일상 속 환경보호 실천 문화를 확산시키기 위해 플로깅 캠페인을 마련했다.이번 리버 플로깅 캠페인은 코웨이 임직원뿐 아니라 일반 시민도 누구나 참여할 수 있다. 해변, 강변, 계곡 등 물이 있는 곳 주변의 쓰레기를 수거한 뒤 다음달 21일까지 관련 사진을 자신의 인스타그램에 올리면 된다. 필수 해시태그(#코웨이리버플로깅, #플로깅 등)와 함께 코웨이 공식 계정을 태그하면 참여가 완료된다.코웨이는 참여를 응원하기 위해 다양한 선물을 증정한다. 이달 25일부터 선착순 100명에게는 생분해성 봉투와 집게, 장갑 등으로 구성된 플로깅 키트를 무상 증정한다. 캠페인 참가자 중 추첨을 통해 코웨이 노블 공기청정기(3명), 애플워치7(5명), 스타벅스 쿠폰(100명) 등도 제공한다. 코웨이 관계는 ""휴가철 계곡과 바다에선 쓰레기가 늘어나기 십상""이라며 ""이번 캠페인이 물의 소중함을 되새기고 지역사회 해양 정화에 기여할 수 있는 기회가 될 것""이라고 말했다. 
]"
"[위니아에이드, 플로깅데이 캠페인 실시…ESG 경영 강화]",https://n.news.naver.com/mnews/article/421/0006237420?sid=101,"[




위니아에이드, ESG경영 일환 ‘플로깅 데이’ 캠페인 실시 (위니아 제공) © 뉴스1(서울=뉴스1) 노우리 기자 = 위니아에이드가 임직원이 함께하는 환경 보호 캠페인 '플로깅 데이(Plogging Day)'를 진행했다고 25일 밝혔다.이번 캠페인은 위니아에이드 사옥이 위치한 경기도 화성시에서 진행됐다. '플로깅'은 스웨덴어의 '플로카 우프(줍다)'와 '조가(달리다)'를 합성해 만든 '플로가(plo-gga)'에서 유래한 용어로 조깅을 하면서 쓰레기를 줍는 친환경 운동을 의미한다.100여명의 임직원은 위니아에이드 사옥 주변을 걸으며 일회용 컵, 폐플라스틱 등을 비롯한 쓰레기를 수거했다.위니아에이드는 플로깅데이 캠페인을 오는 연말까지 매월 둘째주와 넷째주 수요일마다 운영할 계획이다. 위니아에이드 관계자는 “앞으로도 기업의 사회적 책임을 다하고 고객만족과 지역사회와의 상생을 위한 다양한 활동을 적극 펼쳐나가겠다”고 밝혔다.
		]"
"[바리스타 폴 바셋, 3년 만에 방한…제주서 커피추출 행사 및 플로깅 활동]",https://n.news.naver.com/mnews/article/020/0003442434?sid=101,"[




호주 출신 바리스타 폴 바셋이 3년 만에 한국을 방문한다.27일 매일유업에 따르면, 폴 바셋은 내달 2일 폴 바셋 제주 용담 DT점과 제주 아라 DT점에서 커피 추출 행사를 진행한다. 신종 코로나바이러스 감염증(코로나19)으로 2019년 이후 중단된 후 3년 만이다. 다만 재유행 상황을 고려해 제주 매장에서 단 하루만 행사를 진행하기로 했다.이날 행사에서 폴 바셋은 시그니처 메뉴인 룽고와 카페라떼, 플랫화이트를 비롯한 에스프레소 메뉴들을 직접 만들어 제공할 예정이다.폴 바셋 김용철 대표는 “휴가 시즌을 맞아 제주도를 찾은 고객들에게 깜짝 선물 같은 이벤트를 기획했다”며 “3년 만에 진행되는 행사인 만큼 고객들에게 큰 즐거움을 선사할 수 있길 바란다”고 말했다. 한편, 폴 바셋은 내달 1일에 용담 해안도로를 따라 진행되는 ‘폴 바셋 X 진에어 임직원 플로깅’ 활동에도 참여한다.
]"
"[""강물과 바다를 깨끗하게""…코웨이, 리버 플로깅 캠페인]",https://n.news.naver.com/mnews/article/421/0006237822?sid=101,"[
달리면서 쓰레기 줍는 친환경 운동…생활 속 환경보호 인식 제고



(코웨이 제공)© 뉴스1(서울=뉴스1) 이민주 기자 = 코웨이는 해양 환경 정화를 위해 임직원 및 고객과 함께 '리버 플로깅 캠페인'을 진행한다고 25일 밝혔다. 플로깅이란 스웨덴어 'plocka upp'(줍다)와 영어 'jogging'(조깅)을 합친 단어로, 달리기나 산책을 하면서 쓰레기를 줍는 친환경 운동이다. 코웨이는 휴가철을 맞아 강물과 바다를 깨끗하게 지키고 일상 속 환경보호 실천 문화를 확산시키기 위해 이번 플로깅 캠페인을 기획했다.임직원뿐 아니라 일반 시민 누구나 참여할 수 있다. 해변, 강변, 계곡 등 물이 있는 곳 주변의 쓰레기를 수거한 뒤 내달 21일까지 활동 사진을 자신의 인스타그램에 올리면 된다. 필수 해시태그(#코웨이리버플로깅 #플로깅 등)와 함께 코웨이 공식 계정을 태그하면 참여가 완료된다.참여를 독려하기 위해 다양한 선물을 증정한다. 이날부터 선착순 100명에게 생분해성 봉투와 집게, 장갑 등으로 구성된 플로깅 키트를 무상 증정한다. 플로깅 키트는 코웨이 공식 홈페이지를 통해 신청할 수 있다. 참가자 중 추첨을 통해 코웨이 노블 공기청정기(3명), 애플워치7(5명), 스타벅스 쿠폰(100명) 등을 제공한다.코웨이는 ""휴가철 계곡과 바다에 쓰레기가 늘어나는 가운데 이번 리버 플로깅을 통해 깨끗한 물의 소중함을 되새기고 지역사회 해양 정화에 기여할 수 있는 기회가 되길 바란다""며 ""일상에서 손쉽게 실천할 수 있는 친환경 활동들을 지속적으로 펼쳐나가며 지속가능한 미래 사회를 위한 가치 창출에 적극 동참하겠다""고 말했다.
		]"
"[코웨이, 산책하며 쓰레기 줍는 '리버 플로깅' 캠페인]",https://n.news.naver.com/mnews/article/015/0004728496?sid=101,"[




코웨이 임직원들이 리버 플로깅 캠페인의 하나로 쓰레기를 줍고 있다.코웨이는 해양 환경 정화를 위한 ESG(환경·사회·지배구조) 활동의 하나로 임직원 및 고객과 함께 하는 '리버 플로깅 캠페인'을 8월 21일까지 진행한다고 25일 밝혔다.  플로깅(plogging)은 '줍다'를 뜻하는 스웨덴어와 '조깅'을 의미하는 영어 단어의 합성어로 달리기나 산책을 하며 쓰레기를 줍는 것을 말한다. 코웨이는 휴가철을 맞아 강물과 바다를 깨끗하게 지키고 일상 속 환경보호 실천 문화를 확산시키기 위해 플로깅 캠페인을 마련했다.이번 리버 플로깅 캠페인은 코웨이 임직원뿐 아니라 일반 시민도 누구나 참여할 수 있다. 해변, 강변, 계곡 등 물이 있는 곳 주변의 쓰레기를 수거한 뒤 다음달 21일까지 관련 사진을 자신의 인스타그램에 올리면 된다. 필수 해시태그(#코웨이리버플로깅, #플로깅 등)와 함께 코웨이 공식 계정을 태그하면 참여가 완료된다.코웨이는 참여를 응원하기 위해 다양한 선물을 증정한다. 이달 25일부터 선착순 100명에게는 생분해성 봉투와 집게, 장갑 등으로 구성된 플로깅 키트를 무상 증정한다. 캠페인 참가자 중 추첨을 통해 코웨이 노블 공기청정기(3명), 애플워치7(5명), 스타벅스 쿠폰(100명) 등도 제공한다. 코웨이 관계는 ""휴가철 계곡과 바다에선 쓰레기가 늘어나기 십상""이라며 ""이번 캠페인이 물의 소중함을 되새기고 지역사회 해양 정화에 기여할 수 있는 기회가 될 것""이라고 말했다. 
]"
[위니아에이드 ‘플로깅 데이’…임직원 100여명 정화 활동],https://n.news.naver.com/mnews/article/011/0004079791?sid=101,"[
ESG 경영 일환···올해 둘째·넷째주 수요일마다



위니아에이드 임직원들이 플로깅 데이 행사에서 기념촬영을 하고 있다. 사진제공=위니아에이드[서울경제] 위니아에이드가 ‘지구와 함께 달립니다’라는 슬로건 아래 임직원이 함께하는 환경 보호 캠페인 ‘플로깅 데이’를 진행했다고 25일 밝혔다.이번 캠페인은 환경·사회·지배구조(ESG) 경영 실천의 일환으로, 위니아에이드 사옥이 있는 경기도 화성시에서 지역사회 환경 정화에 기여하고 기업의 사회적 책임을 다하기 위해 기획했다. 플로깅은 스웨덴어 플로카 우프(줍다)와 조가(달리다)를 합성해 만든 ‘플로가(plo-gga)’에서 유래한 용어다. 조깅을 하면서 동시에 쓰레기를 줍는 친환경 운동을 의미한다.행사에는 100여 명의 임직원이 참여했으며, 식물성 원료로 만든 100% 생분해 친환경 봉투와 다회용 목장갑, 집게 등으로 구성된 플로깅 용품을 활용해 일회용 컵, 폐플라스틱 등을 줍는 방식으로 진행됐다.위니아에이드는 이번 플로깅 데이 캠페인을 오는 연말까지 매월 둘째 주와 넷째 주 수요일마다 4곳의 구역을 중심으로 정기적으로 운영한다. 지역사회와 연계한 ESG 활동을 추가 기획해 친환경 사회공헌활동을 더욱 확대해 나갈 계획이다.위니아에이드 관계자는 “기업의 사회적 책임을 다하고 고객 만족과 지역사회와의 상생을 위한 다양한 활동을 적극 펼쳐나가겠다”고 밝혔다.
]"
"[코웨이, 해양 환경 정화 '리버 플로깅 캠페인' 진행]",https://n.news.naver.com/mnews/article/018/0005276462?sid=101,"[
			[이데일리 강경래 기자] 코웨이가 해양 환경 정화를 위한 ESG 활동 일환으로 임직원, 일반 시민과 함께 하는 ‘리버 플로깅 캠페인’을 8월 21일까지 진행한다고 25일 밝혔다.



코웨이 직원들이 해양 환경 정화를 위한 ‘리버 플로깅 캠페인’을 진행하고 있다. (제공=코웨이)플로깅은 스웨덴어 ‘plocka upp’(줍다)와 영어 ‘jogging’(조깅)을 합친 단어로, 달리기나 산책을 하면서 쓰레기를 줍는 친환경 운동이다. 코웨이는 휴가철을 맞아 강물과 바다를 깨끗하게 지키고 일상 속 환경보호 실천 문화를 확산시키기 위해 이번 플로깅 캠페인을 기획했다.코웨이 리버 플로깅은 코웨이 임직원뿐 아니라 일반 시민 누구나 참여가 가능하다. 캠페인 참여 방법은 해변, 강변, 계곡 등 물이 있는 곳 주변의 쓰레기를 수거한 뒤 8월 21일까지 활동한 사진을 인스타그램에 올리면 된다.코웨이는 리버 플로깅 참여를 응원하기 위해 선착순 100명에 생분해성 봉투와 집게, 장갑 등으로 구성된 플로깅 키트를 무상 증정한다. 플로깅 키트는 코웨이 공식 홈페이지를 통해 신청할 수 있다. 또한 캠페인 참가자 중 추첨을 통해 △코웨이 노블 공기청정기 △애플워치7 △스타벅스 쿠폰 등을 제공한다.코웨이 관계자는 “휴가철 계곡과 바다에 쓰레기가 늘어나는 가운데 이번 리버 플로깅을 통해 깨끗한 물의 소중함을 되새기고 지역사회 해양 정화에 기여할 것”이라며 “일상에서 실천할 수 있는 친환경 활동을 진행하며 지속가능한 미래 사회를 위한 가치 창출에 동참할 것”이라고 말했다.한편 코웨이는 올해 세계 물의 날을 맞아 바다 환경보호를 위한 플라스틱 줄이기 캠페인을 진행했다. 초등학교에 공기정화식물을 기부하고 환경 교육을 제공하는 ‘청정학교 교실숲 프로젝트’, 일회용품 대신 다회용기 사용을 독려하는 ‘용기내 챌린지’ 등도 실시했다.
]"
"[코웨이, 해양 환경 보호 위한  '리버 플로깅 캠페인' 진행]",https://n.news.naver.com/mnews/article/014/0004872541?sid=101,"[




코웨이 임직원들이 '리버 플로깅 캠페인'을 하고 있는 모습. 코웨이 제공 [파이낸셜뉴스] 베스트 라이프 솔루션 기업 코웨이가 해양 환경 정화를 위한 ESG(환경·사회·지배구조) 활동의 일환으로 임직원 및 고객과 함께 하는 '리버 플로깅 캠페인'을 오는 21일까지 진행한다고 25일 밝혔다.   플로깅이란 스웨덴어 'plocka upp(줍다)'와 영어 'jogging(조깅)'을 합친 단어로, 달리기나 산책을 하면서 쓰레기를 줍는 친환경 운동을 뜻한다. 코웨이는 휴가철을 맞아 강물과 바다를 깨끗하게 지키고 일상 속 환경보호 실천 문화를 확산시키기 위해 이번 플로깅 캠페인을 기획했다.   코웨이 리버 플로깅은 코웨이 임직원뿐 아니라 일반 시민 누구나 참여 가능하다. 캠페인 참여 방법은 해변, 강변, 계곡 등 물이 있는 곳 주변의 쓰레기를 수거한 뒤 8월 21일까지 활동사진을 자신의 인스타그램에 올리면 된다. 코웨이리버플로깅, 플로깅 등 필수 해시태그와 함께 코웨이 공식 계정을 태그하면 참여가 완료된다.   코웨이는 리버 플로깅 참여를 응원하기 위해 다양한 경품도 증정한다. 이날부터 선착순 100명에게 생분해성 봉투와 집게, 장갑 등으로 구성된 플로깅 키트를 무상 증정한다. 플로깅 키트는 코웨이 공식 홈페이지를 통해 신청할 수 있다.   코웨이 관계자는 ""휴가철 계곡과 바다에 쓰레기가 늘어나는 가운데 이번 리버 플로깅을 통해 깨끗한 물의 소중함을 되새기고 지역사회 해양 정화에 기여할 수 있는 기회가 되길 바란다""며 ""일상에서 손쉽게 실천할 수 있는 친환경 활동들을 지속적으로 펼쳐나가며 지속가능한 미래 사회를 위한 가치 창출에 적극 동참하겠다""고 말했다.
		]"
"[건보공단 부울경본부, 환경보호 플로깅 캠페인 실시]",https://n.news.naver.com/mnews/article/082/0001167376?sid=102,"[
생활 속 환경보존 등 ESG경영 실천 지속 추진



""초록 지구야, 우리가 너의 건강보험이 되어줄게!""국민건강보험공단 부산울산경남지역본부(본부장장수목)는 7월 29일 대운산(경남 양산)에서 ‘생활 속 환경보존 사업’의 일환으로 환경보호 플로깅(조깅하면서 쓰레기 줍기) 캠페인을 전개했다고 밝혔다.이날 캠페인에는 지역본부 및 관할 지사 직원 40여명이 참여하여 '초록 지구야! 우리가 너의 건강보험이 되어줄게!'라는 슬로건 아래 쓰레기 줍기 등 환경정화 활동을 실시했다.캠페인은 가벼운 조깅 또는 걷기 생활화를 통해 건강을 챙기는 동시에 쓰레기를 주우며 환경을 지키기 위한 플로깅(Plogging) 캠페인에 동참하자는 취지로 시작하였다.공단은 생활 속 환경보호 실천이 현장에서도 뿌리내릴 수 있도록 관할 지역 내 29개 지사의 행정지원팀장이 참여하여 앞으로 각 지사 및 지역사회에서도 함께 캠페인을 전개해 나갈 방침이다고 전했다.장수목 본부장은 “앞으로도 우리 공단은 환경을 생각하고 지역사회에 기여할 수 있는 다양한 자체 사업을 추진해나가겠다”며 ESG경영 실천에 대한 지속적 의지를 밝혔다.
]"
[휴가철 실천하기 딱 좋은 ‘비치코밍’을 아시나요],https://n.news.naver.com/mnews/article/032/0003163398?sid=102,"[
해변+빗질 합성어···바닷가 정화 활동‘플로깅’과 함께 환경보호 운동 확산경기도는 참여 유도 이벤트도 진행



경기도가 경기바다 여행주간을 맞아 지난 6월 운영한 비치코밍 프로그램에 참여한 참가자들이 환경 정화 활동을 한뒤 기념 촬영을 하고 있다. /경기도 제공여름 휴가철을 맞아 휴가지에서 즐길 수 있는 새로운 환경보호 운동이 눈길을 끌고 있다. 바로 ‘비치코밍’이다.비치코밍은 ‘해변(beach)’과 ‘빗질(combing)’의 합성어다. 조개껍데기, 유리 조각 따위의 표류물이나 쓰레기를 주워 모으는 행동을 말한다. 문화체육관광부와 국립국어원은 지난 7월 비치코밍을 대체할 쉬운 우리말로 ‘해변 정화’를 선정하기도 했다.비치코밍은 운동이나 레저를 즐기면서 환경보호에도 나설 수 있어 플로깅(plogging, 조깅하면서 쓰레기를 줍는 행동)과 함께 인기를 끌고 있다. 이런 관심을 확인 시켜 주듯, 인스타그램 등 SNS에서도 비칭코밍을 해시태그한 게시물을 적잖이 볼 수 있다.



지난달 경기 안산 등 경기바다에서 운영한 비치코밍 프로그램에 참가한 시민들이 해안가에서 쓰레기를 수거하고 있다. /경기도 제공특히 비치코밍은 바닷가에서 즐길 수 있는 환경운동으로 해양생물들의 목숨을 위협하는 해양쓰레기 등을 처리하는 데 중점을 두고 있다. 대표적으로 바다에 버려지거나 유실된 폐그물, 폐통발, 플라스틱, 비닐 등을 처리하고 있다.이처럼 비치코밍이 활발해지면서 이와 관련된 다양한 이벤트도 진행되고 있다. 전국관광기관협의회는 지난해 9월부터 관광분야 ESG 경영 실천을 위한 친환경 착한여행 릴레이 캠페인을 개최했다. 당시 캠페인에서는 지역주민과 여행자들의 적극적인 참여를 유도하기 위해 플로깅을 비롯해 비치코밍, 에코 트레킹 등 환경운동도 함께 전개했다.앞서 경기도는 지난해 6월 관광과 환경 봉사활동을 결합한 ‘착한가치 비치코밍’ 프로그램을 화성과 안산에서 실시했다. 당시 47명이 참여한 이 프로그램은 첫날 시흥 배곧한울공원에서 코로나19 발열 점검과 프로그램 등록후 미션북을 받아 이틀간 순서에 상관없이 스스로 동선을 짜고 자차로 이동하는 방식으로 진행됐다. 주요 미션으로 안산 방아머리해변, 화성 궁평항과 제부도 아트파크 등에서 비치코밍 및 씨글래스(Seaglass) 전시 활동 등을 진행했다. 씨글래스란 대표 바다 쓰레기인 유리가 파도에 마모돼 반짝이는 것으로, 참가자들은 유리를 주워 재활용해 하나뿐인 작품을 만들어 전시했다. 환경 봉사활동 외에도 수륙양용차, 갯벌, 낚시 체험 등의 미션도 진행됐다.올해에도 경기도와 경기관광공사는 경기바다 여행주간을 맞아 지난달 15~16일까지 안산 방아머리해변 등에서 관광과 환경 봉사활동을 결합한 ‘경기바다와 친환경여행 비치코밍’ 프로그램을 운영했다. 15일에는 안산 대부도 방아머리해변, 경기해양안전체험관 등 안산시 일대에서 16일에는 오이도 빨강등대, 오이도박물관, 달전망대 등 시흥시 일대에서 각각 30여 명 규모로 사전 모집된 참가자들과 비치코밍 활동을 펼쳤다.참가자들은 환경 정화 활동에서 모은 쓰레기를 지정장소로 가져와 인증받았고, ‘안녕 지구, 안녕 경기바다’ 환경 슬로건을 내걸고 기념 촬영을 하기도 했다. 이어 경기해양안전체험관에서 선박 비상 상황 체험과 화재진압 대피 체험 등 안전교육을 받은 데 이어 경기도 미술관을 관람하면서 관광 프로그램 중 있었던 일을 주제로 그림을 그리는 시간도 가졌다.참가자들은 지역경제 활성화를 위해 지역화폐로 먹거리 등을 구매하기도 했다. 경기도와 경기관광공사는 환경 정화와 홍보 등의 활동 인센티브로 참가비 명목의 지역화폐를 다시 참가자들에게 돌려줘 해당 지역을 재방문할 수 있도록 했다. 경기도 관계자는 30일 “이번 경기 서부권 친환경 프로그램에 이어 동부·남부·북부권에서도 관광 프로그램을 운영할 예정”이라고 밝혔다.
		]"
"[어촌어항공단, '깨끗한 바닷가 만들기' 플로깅 실시]",https://n.news.naver.com/mnews/article/003/0011323648?sid=101,"[
기사내용 요약태안 꽃지해수욕장서 해양 쓰레기 수거



[서울=뉴시스] '깨끗한 바닷가 만들기' 환경정화 활동.[서울=뉴시스] 박성환 기자 = 한국어촌어항공단(이사장 박경철)은 지난 23일부터 이틀간 충청남도 태안군 꽃지해수욕장에서 민·관·산 협업 플로깅(달리기를 하며 쓰레기를 줍는 활동)을 통한 ‘깨끗한 바닷가 만들기’ 환경정화 활동을 실시했다. 이날 공단은 지역주민과 태안군, 대한제분이 뜻을 모아 꽃지 해수욕장에 방치된 해양 쓰레기를 수거하고, 관광객 대상 환경보호 인식 확산 캠페인도 함께 진행했다.공단은 앞으로 공단 MZ세대 사내봉사단을 구성해 환경정화 활동뿐만 아니라, 지역사회 대상 다양한 봉사활동을 실시할 예정이다.박경철 공단 이사장은 ""민·관·산이 협업을 통해 어촌 환경을 개선하는 뜻깊은 행사였다""며 ""앞으로도 다양한 사회공헌활동과 캠페인을 통해 환경보호에 대한 국민의 관심을 높일 수 있도록 노력하겠다""고 말했다.
]"
"[위니아에이드, ESG 경영 일환 '플로깅 데이' 캠페인 실시]",https://n.news.naver.com/mnews/article/119/0002623986?sid=101,"[
사옥 인근에서 달리면서 쓰레기 줍는 플로깅 진행매월 2회씩 지속적 환경 보호 및 지역 사회 정화에 나설 계획



위니아에이드, ESG경영 일환 '플로깅 데이' 캠페인.ⓒ위니아에이드[데일리안 = 임채현 기자] 위니아에이드는 '지구와 함께 달립니다'라는 슬로건 아래 임직원이 함께하는 환경 보호 캠페인 '플로깅 데이(Plogging Day)'를 진행했다고 25일 밝혔다.이번 캠페인은 ESG(환경·사회·지배구조) 경영 실천의 일환으로, 위니아에이드 사옥이 위치한 경기도 화성시에서 지역사회 환경 정화에 기여하고 기업의 사회적 책임을 다하기 위해 기획했다.'플로깅'은 스웨덴어의 '플로카 우프(줍다)'와 '조가(달리다)'를 합성해 만든 '플로가(plo-gga)'에서 유래한 용어로 조깅을 하면서 동시에 쓰레기를 줍는 친환경 운동을 의미한다.'플로깅 데이'는 100여 명의 임직원이 참여한 가운데 비닐봉지와 일회용 장갑 대신 환경 보호 캠페인이라는 취지를 살려 식물성 원료로 만든 100% 생분해 친환경 봉투와 다회용 목장갑, 집게 등으로 구성된 플로깅 용품을 활용해 진행됐다.임직원들은 위니아에이드 사옥 주변의 봉담 호수공원 및 봉담 초등학교 등을 걸으며 일회용 컵, 폐플라스틱 등을 비롯한 쓰레기를 수거했다.위니아에이드는 이번 플로깅 데이 캠페인을 오는 연말까지 매월 둘째 주와 넷째 주 수요일마다 4곳의 구역을 중심으로 정기적으로 운영하며, 지역사회와 연계한 ESG 활동을 추가 기획 및 검토해 친환경 사회공헌활동을 더욱 확대해 나갈 계획이다.위니아에이드 관계자는 ""ESG 경영활동의 일환으로 기획된 플로깅 데이 캠페인은 임직원들이 한마음으로 사옥 일대를 정비하며 친환경 운동을 실천하고 그 의미를 되새긴 뜻깊은 시간이었다""며 ""앞으로도 기업의 사회적 책임을 다하고 고객만족과 지역사회와의 상생을 위한 다양한 활동을 적극 펼쳐나가겠다""고 밝혔다.
		]"
[휴가철 실천하기 딱 좋은 ‘비치코밍’을 아시나요],https://n.news.naver.com/mnews/article/032/0003163398?sid=102,"[
해변+빗질 합성어···바닷가 정화 활동‘플로깅’과 함께 환경보호 운동 확산경기도는 참여 유도 이벤트도 진행



경기도가 경기바다 여행주간을 맞아 지난 6월 운영한 비치코밍 프로그램에 참여한 참가자들이 환경 정화 활동을 한뒤 기념 촬영을 하고 있다. /경기도 제공여름 휴가철을 맞아 휴가지에서 즐길 수 있는 새로운 환경보호 운동이 눈길을 끌고 있다. 바로 ‘비치코밍’이다.비치코밍은 ‘해변(beach)’과 ‘빗질(combing)’의 합성어다. 조개껍데기, 유리 조각 따위의 표류물이나 쓰레기를 주워 모으는 행동을 말한다. 문화체육관광부와 국립국어원은 지난 7월 비치코밍을 대체할 쉬운 우리말로 ‘해변 정화’를 선정하기도 했다.비치코밍은 운동이나 레저를 즐기면서 환경보호에도 나설 수 있어 플로깅(plogging, 조깅하면서 쓰레기를 줍는 행동)과 함께 인기를 끌고 있다. 이런 관심을 확인 시켜 주듯, 인스타그램 등 SNS에서도 비칭코밍을 해시태그한 게시물을 적잖이 볼 수 있다.



지난달 경기 안산 등 경기바다에서 운영한 비치코밍 프로그램에 참가한 시민들이 해안가에서 쓰레기를 수거하고 있다. /경기도 제공특히 비치코밍은 바닷가에서 즐길 수 있는 환경운동으로 해양생물들의 목숨을 위협하는 해양쓰레기 등을 처리하는 데 중점을 두고 있다. 대표적으로 바다에 버려지거나 유실된 폐그물, 폐통발, 플라스틱, 비닐 등을 처리하고 있다.이처럼 비치코밍이 활발해지면서 이와 관련된 다양한 이벤트도 진행되고 있다. 전국관광기관협의회는 지난해 9월부터 관광분야 ESG 경영 실천을 위한 친환경 착한여행 릴레이 캠페인을 개최했다. 당시 캠페인에서는 지역주민과 여행자들의 적극적인 참여를 유도하기 위해 플로깅을 비롯해 비치코밍, 에코 트레킹 등 환경운동도 함께 전개했다.앞서 경기도는 지난해 6월 관광과 환경 봉사활동을 결합한 ‘착한가치 비치코밍’ 프로그램을 화성과 안산에서 실시했다. 당시 47명이 참여한 이 프로그램은 첫날 시흥 배곧한울공원에서 코로나19 발열 점검과 프로그램 등록후 미션북을 받아 이틀간 순서에 상관없이 스스로 동선을 짜고 자차로 이동하는 방식으로 진행됐다. 주요 미션으로 안산 방아머리해변, 화성 궁평항과 제부도 아트파크 등에서 비치코밍 및 씨글래스(Seaglass) 전시 활동 등을 진행했다. 씨글래스란 대표 바다 쓰레기인 유리가 파도에 마모돼 반짝이는 것으로, 참가자들은 유리를 주워 재활용해 하나뿐인 작품을 만들어 전시했다. 환경 봉사활동 외에도 수륙양용차, 갯벌, 낚시 체험 등의 미션도 진행됐다.올해에도 경기도와 경기관광공사는 경기바다 여행주간을 맞아 지난달 15~16일까지 안산 방아머리해변 등에서 관광과 환경 봉사활동을 결합한 ‘경기바다와 친환경여행 비치코밍’ 프로그램을 운영했다. 15일에는 안산 대부도 방아머리해변, 경기해양안전체험관 등 안산시 일대에서 16일에는 오이도 빨강등대, 오이도박물관, 달전망대 등 시흥시 일대에서 각각 30여 명 규모로 사전 모집된 참가자들과 비치코밍 활동을 펼쳤다.참가자들은 환경 정화 활동에서 모은 쓰레기를 지정장소로 가져와 인증받았고, ‘안녕 지구, 안녕 경기바다’ 환경 슬로건을 내걸고 기념 촬영을 하기도 했다. 이어 경기해양안전체험관에서 선박 비상 상황 체험과 화재진압 대피 체험 등 안전교육을 받은 데 이어 경기도 미술관을 관람하면서 관광 프로그램 중 있었던 일을 주제로 그림을 그리는 시간도 가졌다.참가자들은 지역경제 활성화를 위해 지역화폐로 먹거리 등을 구매하기도 했다. 경기도와 경기관광공사는 환경 정화와 홍보 등의 활동 인센티브로 참가비 명목의 지역화폐를 다시 참가자들에게 돌려줘 해당 지역을 재방문할 수 있도록 했다. 경기도 관계자는 30일 “이번 경기 서부권 친환경 프로그램에 이어 동부·남부·북부권에서도 관광 프로그램을 운영할 예정”이라고 밝혔다.
		]"
"[코웨이, 임직원과 고객이 함께하는 '리버 플로깅 캠페인' 진행]",https://n.news.naver.com/mnews/article/030/0003032821?sid=105,"[




코웨이는 해양 환경 정화를 위한 환경·사회·지배구조(ESG) 활동 일환으로 임직원과 고객이 함께 하는 리버 플로깅 캠페인을 다음달 21일까지 진행한다고 25일 밝혔다.코웨이는 해양 환경 정화를 위한 환경·사회·지배구조(ESG) 활동 일환으로 임직원과 고객이 함께 하는 '리버 플로깅 캠페인'을 다음달 21일까지 진행한다고 25일 밝혔다.플로깅은 달리기나 산책을 하면서 쓰레기를 줍는 친환경 운동이다. 코웨이는 휴가철을 맞아 강물과 바다를 깨끗하게 지키고 일상 속 환경보호 실천 문화를 확산시키기 위해 플로깅 캠페인을 기획했다.코웨이 리버 플로깅은 코웨이 임직원뿐 아니라 일반 시민 누구나 참여 가능하다. 캠페인 참여 방법은 해변, 강변, 계곡 등 물이 있는 곳 주변의 쓰레기를 수거한 뒤 8월 21일까지 활동 사진을 자신의 인스타그램에 올리면된다. 필수 해시태그와 함께 코웨이 공식 계정을 태그하면 참여가 완료된다. 코웨이는 참여를 독려하기 위한 다양한 선물을 증정하고 추첨을 통해 참가에게 상품도 제공한다.
]"
"[어촌어항공단, '깨끗한 바닷가 만들기' 플로깅 실시]",https://n.news.naver.com/mnews/article/003/0011323648?sid=101,"[
기사내용 요약태안 꽃지해수욕장서 해양 쓰레기 수거



[서울=뉴시스] '깨끗한 바닷가 만들기' 환경정화 활동.[서울=뉴시스] 박성환 기자 = 한국어촌어항공단(이사장 박경철)은 지난 23일부터 이틀간 충청남도 태안군 꽃지해수욕장에서 민·관·산 협업 플로깅(달리기를 하며 쓰레기를 줍는 활동)을 통한 ‘깨끗한 바닷가 만들기’ 환경정화 활동을 실시했다. 이날 공단은 지역주민과 태안군, 대한제분이 뜻을 모아 꽃지 해수욕장에 방치된 해양 쓰레기를 수거하고, 관광객 대상 환경보호 인식 확산 캠페인도 함께 진행했다.공단은 앞으로 공단 MZ세대 사내봉사단을 구성해 환경정화 활동뿐만 아니라, 지역사회 대상 다양한 봉사활동을 실시할 예정이다.박경철 공단 이사장은 ""민·관·산이 협업을 통해 어촌 환경을 개선하는 뜻깊은 행사였다""며 ""앞으로도 다양한 사회공헌활동과 캠페인을 통해 환경보호에 대한 국민의 관심을 높일 수 있도록 노력하겠다""고 말했다.
]"
"[코웨이, 해양 환경 보호 '리버 플로깅 캠페인' 진행]",https://n.news.naver.com/mnews/article/092/0002263432?sid=105,"[
달리면서 쓰레기 줍는 친환경 운동...생활 속 환경보호 인식 제고코웨이가 해양 환경 정화를 위한 ESG 활동의 일환으로 임직원, 소비자와 함께 하는 '리버 플로깅 캠페인'을 다음달 21일까지 진행한다.플로깅(plogging)은 달리기나 산책을 하면서 쓰레기를 줍는 친환경 운동이다.코웨이는 SNS로 소비자 참여를 독려한다. 해변, 강변 등에서 쓰레기를 수거한 뒤 인스타그램에 필수 해시태그(#코웨이리버플로깅 #플로깅 등)와 함께 사진을 올리면 다양한 선물을 증정한다. 추첨을 통해 코웨이 노블 공기청정기(3명), 애플워치7(5명), 스타벅스 쿠폰(100명) 등을 제공한다.



코웨이가 ESG 일환으로 리버 플로깅 캠페인을 진행한다. (사진-코웨이)코웨이는 ""휴가철 계곡과 바다에 쓰레기가 늘어나는 가운데 이번 리버 플로깅을 통해 깨끗한 물의 소중함을 되새기고 지역사회 해양 정화에 기여할 수 있는 기회가 되길 바란다""며 ""일상에서 손쉽게 실천할 수 있는 친환경 활동들을 지속적으로 펼쳐나가며 지속가능한 미래 사회를 위한 가치 창출에 적극 동참하겠다""고 말했다.한편 코웨이는 환경보호에 동참하기 위해 ESG 활동을 펼치고 있다. 올해 세계 물의 날을 맞아 바다 환경보호를 위한 플라스틱 줄이기 캠페인, 초등학교에 공기정화식물을 기부하는 '청정학교 교실숲 프로젝트' 등을 진행하고 있다.
]"
"[어촌어항공단, '깨끗한 바닷가 만들기' 플로깅 실시]",https://n.news.naver.com/mnews/article/003/0011323648?sid=101,"[
기사내용 요약태안 꽃지해수욕장서 해양 쓰레기 수거



[서울=뉴시스] '깨끗한 바닷가 만들기' 환경정화 활동.[서울=뉴시스] 박성환 기자 = 한국어촌어항공단(이사장 박경철)은 지난 23일부터 이틀간 충청남도 태안군 꽃지해수욕장에서 민·관·산 협업 플로깅(달리기를 하며 쓰레기를 줍는 활동)을 통한 ‘깨끗한 바닷가 만들기’ 환경정화 활동을 실시했다. 이날 공단은 지역주민과 태안군, 대한제분이 뜻을 모아 꽃지 해수욕장에 방치된 해양 쓰레기를 수거하고, 관광객 대상 환경보호 인식 확산 캠페인도 함께 진행했다.공단은 앞으로 공단 MZ세대 사내봉사단을 구성해 환경정화 활동뿐만 아니라, 지역사회 대상 다양한 봉사활동을 실시할 예정이다.박경철 공단 이사장은 ""민·관·산이 협업을 통해 어촌 환경을 개선하는 뜻깊은 행사였다""며 ""앞으로도 다양한 사회공헌활동과 캠페인을 통해 환경보호에 대한 국민의 관심을 높일 수 있도록 노력하겠다""고 말했다.
]"
"[코웨이, 해양 환경 보호 위한 '리버 플로깅 캠페인' 진행]",https://n.news.naver.com/mnews/article/119/0002624054?sid=101,"[
달리면서 쓰레기 줍는 친환경 운동... 환경보호 인식 제고코웨이 홈페이지 통해 선착순 100명에 플로깅 키트 무상 제공캠페인 참가자 중 추첨 통해 '노블 공기청정기' 증정



코웨이는 해양 환경 정화를 위한 ESG 활동의 일환으로 임직원 및 고객과 함께 하는 '리버 플로깅 캠페인'을 8월 21일까지 진행한다.ⓒ코웨이[데일리안 = 임채현 기자] 코웨이는 해양 환경 정화를 위한 ESG 활동의 일환으로 임직원 및 고객과 함께 하는 '리버 플로깅 캠페인'을 8월 21일까지 진행한다고 25일 밝혔다.플로깅(plogging)이란 스웨덴어 'plocka upp(줍다)'와 영어 'jogging(조깅)'을 합친 단어로, 달리기나 산책을 하면서 쓰레기를 줍는 친환경 운동이다. 코웨이는 휴가철을 맞아 강물과 바다를 깨끗하게 지키고 일상 속 환경보호 실천 문화를 확산시키기 위해 이번 플로깅 캠페인을 기획했다.코웨이 리버 플로깅은 코웨이 임직원뿐 아니라 일반 시민 누구나 참여 가능하다. 캠페인 참여 방법은 해변, 강변, 계곡 등 물이 있는 곳 주변의 쓰레기를 수거한 뒤 8월 21일까지 활동 사진을 자신의 인스타그램에 올리면 된다. 필수 해시태그(#코웨이리버플로깅 #플로깅 등)와 함께 코웨이 공식 계정을 태그하면 참여가 완료된다.코웨이는 리버 플로깅 참여를 독려하기 위해 다양한 선물을 증정한다. 이달 25일부터 선착순 100명에게는 생분해성 봉투와 집게, 장갑 등으로 구성된 플로깅 키트를 무상 증정하며, 플로깅 키트는 코웨이 공식 홈페이지를 통해 신청할 수 있다. 또한 캠페인 참가자 중 추첨을 통해 코웨이 노블 공기청정기(3명), 애플워치7(5명), 스타벅스 쿠폰(100명) 등을 제공한다.코웨이는 ""휴가철 계곡과 바다에 쓰레기가 늘어나는 가운데 이번 리버 플로깅을 통해 깨끗한 물의 소중함을 되새기고 지역사회 해양 정화에 기여할 수 있는 기회가 되길 바란다""며 ""일상에서 손쉽게 실천할 수 있는 친환경 활동들을 지속적으로 펼쳐나가며 지속가능한 미래 사회를 위한 가치 창출에 적극 동참하겠다""고 말했다.한편 코웨이는 환경보호에 동참하기 위해 다양한 대내외 친환경 ESG 활동들을 펼치고 있다. 올해 세계 물의 날을 맞아 바다 환경보호를 위한 플라스틱 줄이기 캠페인을 진행했으며, 초등학교에 공기정화식물을 기부하고 환경 교육을 제공하는 '청정학교 교실숲 프로젝트', 일회용품 대신 다회용기 사용을 독려하는 '용기내 챌린지' 등을 진행하고 있다.
		]"
"[""깨끗한 서울 만들어요""…한진-이타서울 자원순환 캠페인]",https://n.news.naver.com/mnews/article/421/0006245383?sid=101,"[
그린온한진과 함께 찾아가는 자원순환캠프 열어



그린온한진과 함께 찾아가는 자원순환캠프(한진 제공)© 뉴스1(서울=뉴스1) 김민석 기자 = ㈜한진은 비영리 기부 스타트업 이타서울과 손잡고 서울시 내 쓰레기를 줍는 플로깅 활동 및 자원순환체험 활동을 진행한다고 28일 밝혔다.그린온한진과 함께 찾아가는 자원순환캠프 행사는 Δ플로깅 Δ분리배출 체험∙교육 Δ옷 기부 Δ리필스테이션(빈 용기를 가져오면 주방·세탁세제를 담아갈 수 있는 제로 웨이스트 활동) Δ업사이클링 체험 등으로 구성됐다.그린 온 한진은 한진이 1인 창업자와 소상공인들의 친환경 활동을 위해 론칭한 플랫폼이다. 판매수익금 일부를 기부해 플로깅 행사에 필요한 집게, 생분해 봉투, 손수건 등을 마련했다.자원순환캠프는 Δ광진구(7월27일) Δ중랑구(8월3일) Δ송파구(8월17일) Δ동작구(8월24일) Δ서대문구(9월8일) 등 서울시 다섯 곳에서 진행한다.한진 관계자는 ""친환경 및 동반성장의 가치를 실현할 수 있도록 앞으로도 다양한 CSV모델 발굴하겠다""고 말했다.



그린온한진과 함께 찾아가는 자원순환캠프(한진 제공)© 뉴스1
]"
"[기장군, 에코 플로깅 활동 진행…기장에서 우리 플로깅 할까요?]",https://n.news.naver.com/mnews/article/082/0001166994?sid=102,"[




기장시장문화관광형시장육성사업단은 지난 22일 기장군 죽성리 일대에서 ‘기장시장에서 우리 플로깅 할까요?’라는 슬로건으로 에코 플로깅 활동을 진행했다고 27일 밝혔다.플로깅은 조깅을 하면서 동시에 쓰레기를 줍는 운동으로, 스웨덴어 ‘plocka upp (이삭을 줍는다)’과 영어 ‘jogging (조깅)’의 합성어다.소상공인시장진흥공단 부산울산경남지역본부, 기장읍 청년회 등 30여 명이 참여하였고, 비닐봉지와 일회용 장갑 대신 환경 보호 캠페인이라는 취지를 살려 식물성 원료로 만든 100% 생분해 친환경 봉투와 친환경 장갑, 집게 등으로 구성된 플로깅 용품을 활용해 진행됐다.이날 플로깅 활동에 참여한 참가자들은 죽성리 일대 약 1km를 다니며 버려진 쓰레기 100리터를 줍고 분리수거 등을 실시했다.기장시장문화관광형시장육성사업단은 ""이번 활동을 8월동안 매주 수, 토요일마다 기장시장 일대를 중심으로 참가자를 모집하여 정기적으로 운영하며, 지속적인 ESG 활동을 통하여 친환경 사회공헌활동을 더욱 확대해 나갈 계획이다""고 전했다.
]"
"[기장군, 에코 플로깅 활동 진행…기장에서 우리 플로깅 할까요?]",https://n.news.naver.com/mnews/article/082/0001166994?sid=102,"[




기장시장문화관광형시장육성사업단은 지난 22일 기장군 죽성리 일대에서 ‘기장시장에서 우리 플로깅 할까요?’라는 슬로건으로 에코 플로깅 활동을 진행했다고 27일 밝혔다.플로깅은 조깅을 하면서 동시에 쓰레기를 줍는 운동으로, 스웨덴어 ‘plocka upp (이삭을 줍는다)’과 영어 ‘jogging (조깅)’의 합성어다.소상공인시장진흥공단 부산울산경남지역본부, 기장읍 청년회 등 30여 명이 참여하였고, 비닐봉지와 일회용 장갑 대신 환경 보호 캠페인이라는 취지를 살려 식물성 원료로 만든 100% 생분해 친환경 봉투와 친환경 장갑, 집게 등으로 구성된 플로깅 용품을 활용해 진행됐다.이날 플로깅 활동에 참여한 참가자들은 죽성리 일대 약 1km를 다니며 버려진 쓰레기 100리터를 줍고 분리수거 등을 실시했다.기장시장문화관광형시장육성사업단은 ""이번 활동을 8월동안 매주 수, 토요일마다 기장시장 일대를 중심으로 참가자를 모집하여 정기적으로 운영하며, 지속적인 ESG 활동을 통하여 친환경 사회공헌활동을 더욱 확대해 나갈 계획이다""고 전했다.
]"
"[베이비본죽, 친환경 플로깅 캠페인 ... 이유식 기부까지 이어져]",https://n.news.naver.com/mnews/article/417/0000837059?sid=101,"[
플로깅으로 지구를 지켜라 '아장아장 지지특공대'



프리미엄 영유아식 브랜드 베이비본죽이 '아장아장 지지특공대' 캠페인을 통해 총 1천개의 이유식을 후원했다. (베이비본죽 제공) 프리미엄 영유아식 브랜드 베이비본죽이 '아장아장 지지특공대' 캠페인을 통해 총 1천개의 이유식을 후원했다. '아장아장 지지특공대'는 '지구를 지켜라'라는 의미로, 지난 6월 베이비본죽이 진행한 친환경 플로깅 캠페인이다. 보호자와 아이가 함께 플로깅(조깅을 하면서 쓰레기를 줍는 활동)을 한 뒤, 개인 SNS를 통해 인증하면 적립금 등 보상이 이뤄졌다.특히, 소비자가 직접 응원의 마음을 담아 지지특공대 게시글에 남긴 '좋아요'와 댓글은 500만원 상당 1천개의 실온 이유식 후원으로 이어졌다. 베이비본죽은 캠페인 시작 당시 '좋아요'와 댓글 수에 따라 최대 1천개의 이유식을 기부하겠다는 공약을 밝혔는데, 최종적으로 총 1,186개의 응원이 모임에 따라 후원이 이뤄졌다.대한사회복지회에 전달된 이유식은 대한한부모협회, 광주영아일시보호소, 서울영아일시보호소를 통해 이유식이 필요한 저소득 한부모 가족, 입양대기 영유아 등에게 전달됐다. 베이비본죽은 플로깅 활동을 인증한 전원에게 베이비본죽 적립금을 지급했으며, 이와 더불어 5명의 우수대원을 선정해 공기청정 쿨시트를 사은품으로 제공했다. 한편, 베이비본죽은 대한사회복지회와 함께 취약계층 영유아 대상 이유식 나눔을 이어가고 있다. 지난해에는 1000만원 상당의 '행복냠냠키트' 150세트를 후원한 바 있다.한식 프랜차이즈 본아이에프의 '순수본' 영유아식사업본부 김진아 본부장은 ""'아장아장 지지특공대' 캠페인은 아이에게 자연스러운 환경 및 사회 교육이 가능했다는 점에서 더욱 뜻깊은 캠페인이었다""며 ""앞으로도 베이비본죽은 아이들이 살아갈 미래를 위해 친환경 캠페인은 물론 이유식 나눔을 지속하겠다""고 말했다.
]"
"[줍고, 줍고, 또 주웠다…담배꽁초에 질려버린 '플로깅' 4.48㎞]",https://n.news.naver.com/mnews/article/008/0004774359?sid=102,"[
			[편집자주] '찐'한 삶을 살고 있는 '찐'한 사람들을 인터뷰합니다. 유명한 사람이든, 무명의 사람이든 누구든 '찐'하게 만나겠습니다. '찐터뷰'의 모든 기사는 일체의 협찬 및 광고 없이 작성됩니다.[[찐터뷰 : ZZINTERVIEW]22-②전문가 조언 바탕으로 진행한 '플로깅' 체험기]



(서울=뉴스1) 이승배 기자 = 2019년 서울 강남구 KT&amp;G타워 앞에 서울환경운동연합이 담배꽁초로 만든 '담배꽁초 크리스마스 트리'. 담배꽁초는 우리골목길의 '빌런'임이 확실하다. 2019.12.23/뉴스1  ①관리하는 공원이나 등산로에는 상대적으로 쓰레기가 없다②도시의 쓰레기는 대부분 뒷골목에 있다③조깅하듯 뛰면서 플로깅을 하는 건 사실상 불가능하다④그만큼 쓰레기가 많기 때문이다⑤쓰레기 중에는 담배꽁초가 압도적이다⑥그러므로 할 수 있는 만큼만 쓰레기를 주워야 한다⑦플로깅을 마치고 나면 길거리에 쓰레기밖에 안 보인다조깅을 하며 쓰레기를 줍는 '플로깅'. 이를 수년째 하고 있는 활동가들이 인터뷰에서 공통적으로 언급한 내용이다. '찐터뷰'는 '와이퍼스'의 황승용씨, '프린지'의 이영근씨, '서울 하이킹'의 박상준씨에게 플로깅을 하는 이유, 방법에 대해 물어봤다. 가장 먼저 나의 몸과 마음이 건강해지기 때문에 한다는 대답, 그리고 그 다음으로 환경에 기여하는 뿌듯함이 있다는 대답이 돌아왔다. 플로깅을 할 때 △쓰레기를 얼마나 줍느냐에 연연하지 말고 △내가 감당할 수 있을 정도만 △운동을 하듯이 해보는 게 중요한 이유다.  



지난 20일 플로깅 루트. 왼쪽이 공원 안 플로깅, 오른쪽이 공원 밖 상가 플로깅.기자는 지난 20일 오전 서울 경의선숲길(연트럴파크)에서 플로깅 활동을 직접해봤다. 초보인 만큼 아직 사람들이 본격적으로 돌아다니기 전 시간을 잡아 '가능한 만큼'만 쓰레기를 주으며 조깅을 할 생각이었다. 경의선숲길 공원 안에서 한 차례, 그리고 주변 경의선숲길을 따라 나 있는 골목 상권에서 한 차례. 플로깅 자체는 총 45분24초 동안, 4.48㎞ 구간에서 이뤄졌다.우선 경의선숲길 안에서 조깅(가좌역→홍대입구역 방면)을 시작하려 했다. 집에서 애용하는 장바구니와 집게(플로깅 후 세척해 여전히 잘 쓰고 있다)를 한 손에 들었다. 날씨가 그렇게까지 덥진 않아서 컨디션도 좋았다. 경의선숲길에 가기까지 '힙'한 연남동 거리가 참 깔끔하고 아름답다 생각했다.경의선숲길에서 플로깅을 출발하려던 찰나 인공 연못 안에 아이스크림 봉지가 있는 것을 확인했다. 이런, 처음부터. 그렇게 아이스크림 봉지를 줍고 나서 다시 출발을 하려는데 바닥에 일회용 컵 홀더가 나뒹굴고 있었다. 그것까지 집어들고 이제 진짜로 출발. ""공원 안에는 별다른 쓰레기가 없다""고 한 활동가들의 말을 상기하며 달리다가 약 10초만에 멈춰섰다. 풀 사이에 놓여있는 자양강장제 병을 발견했기 때문이다. 누군가는 저걸 먹고 '사랑과 정열을 그대에게' 바치고 있겠지. 벌써 짜증이 나기 시작했다. 약간의 툴툴거림을 뒤로 하고 다시 뛰기 시작.



쓰레기 럭키박스. 참으로 감사합니다. /사진=최경민 기자지나가는 길에 빨대, 일회용 컵 홀더, 나무 젓가락 등이 발견됐다. 유동인구가 많은 홍대입구역으로 향할수록 더더욱 쓰레기가 많아졌다. 벤치 틈 사이에 과자봉지가 꼬깃꼬깃 은폐·엄폐하고 있는 것도 수거했다. '누구의 짓일까'라는 생각을 하면서도 '나 자신도 저런 짓을 하진 않았을까'라고 반성하게 됐다. 활동가들의 말대로 공원 안에는 쓰레기가 많이 없었다. 나름 조깅을 하는 듯한 기분을 느끼기도 했다. 간단한 쓰레기를 집고 곧바로 뛰면 조깅의 맥이 크게 끊기지도 않았다. 그 쓰레기 럭키박스를 만나기 전까지는.홍대입구역 앞에 도달하자 아주 예쁘게(?) 잘 싸여진 쓰레기가 있었다. 보냉백 안에 '그날의 피로는 그날에 풀어주는' 자양강장제 병, 담뱃갑과 꽁초, 플라스틱 빨대, 1회용 컵 등이 모두 담겨있었다. 누군가 보냉백을 버리고 갔고, 지나가는 행인들이 하나씩 하나씩 쓰레기를 추가한 게 분명했다. 이 럭키박스 덕에 들고 있는 쓰레기가 급격히 무거워졌다. ""플로깅이 조깅 보다 20~30% 정도 체력이 더 소비된다""는 황승용씨의 말이 이해가기 시작했다. 그렇게 홍대입구역을 지나 가좌역 쪽으로 돌아오는 길. 길바닥에서 담배꽁초 하나를 줍는데. 아아…벤치에 앉아있던 한 분이 과자 봉지로 추정되는 쓰레기를 바닥에 슥 버렸다. 활동가들이 '현타(현실 자각 타임)'를 느낀다는 그 상황을 생애 첫 플로깅에서 직면하게 됐다. 정말 운이 좋은 인생, 로또라도 살까라는 생각까지 했다. 그분이 버린 그 쓰레기는 줍지 않고 그냥 지나갔다.  



아유 예뻐라~담배꽁초 삼형제/사진=최경민 기자가좌역 방면에 도착한 후 쓰레기를 정리하고, 이번에는 경의선숲길 옆 상가과 주택들이 있는 골목으로 플로깅을 하기 시작했다. 출발과 동시에 경의선숲길 벤치 아래 있던 담배꽁초 3형제를 주웠다. 아주 가지런히 예쁘게 놓여있던 담배꽁초들이었다.연남동의 힙 플레이스에서 풍겨오는 향기로운 커피 냄새. 그럼에도 꿋꿋하게 플로깅을 이어갔다. 담배꽁초들이 보였다. 주웠다. 담배꽁초와 담뱃갑들이 널려있었다. 주웠다. 담배꽁초가 바닥에 짓이겨져있었다. 주웠다. 담배꽁초가 '나 잡아봐라'는 식으로  유인을 계속했다. 그래도 주웠다.지난주 '찐터뷰' 21화의 주인공인 에드워드 권 셰프의 명언이 떠올랐다. 한 요리경연 프로그램에서 너무 많은 닭뼈에 ""올 본즈, 어나더 본즈, 데어즈 어 랏 오브 XX 본즈(All bones, another bones, there's a lot of fxxxing bones)""라 하셨던 권 셰프님. '본즈'에 '담배꽁초'만 넣어 똑같이 외치고 싶었다.



어 랏 오브 fxxking꽁초…/사진=최경민 기자담배꽁초 러시는 '나홀로 플로깅'으로 감당할 수준이 아니었다. 왜 활동가들이 이구동성 담배꽁초가 가장 문제라고 하는지 알 것 같았다. 와이퍼스가 거리의 담배꽁초를 주워 담배회사에 보내는 '꽁초 어택'을 진행했던 이유도, 서울 하이킹이 담배꽁초 정크아트를 추진하는 이유도 100% 이해할 수 있었다. 저 담배꽁초에는 미세플라스틱의 주범인 필터도 달려있지 않은가.담배꽁초에 질려버린 기자는 홍대입구역 주변 골목에서 무더기로 보인 담배꽁초들을 외면하기 시작했다. 개인 운동이 될 수준의 쓰레기만, 감당할 수 있는 수준의 쓰레기만 주워야 한다는 명제를 다시 한번 떠올렸다. 홍대입구역 방면에서 다시 가좌역으로 올라오는 길은 그냥 빠르게 걸어왔다. 어차피 이 길의 왼편은 아파트 단지여서 더이상의 상가가 없기도 했다. 그렇게 얼렁뚱땅 도착한 출발지점. 한 숨을 돌릴 찰나에 쓰레기 하나가 딱 보였다. 담배꽁초. 이 무슨 수미쌍관인가. 그 사이에 누가 또 이곳에 담배꽁초를 버리고 간 것이었다.  



운명의 수미쌍관. 꽁초 엔딩./사진=최경민 기자플로깅을 마치며 집으로 돌아가던 길에는 처음 아침에 올 때 못봤던 것들이 눈에 들어오기 시작했다. 버스 정류장 앞에는 담배꽁초들이 즐비했다. 길 옆 풀더미에는 비닐들이 춤을 추고 있었다. 길 곳곳에 플라스틱 일회용 컵들이 은폐·엄폐를 하고 있었다. 플로깅 전과 후, 내가 바라본 연남동 거리는 그렇게 달랐다.주워도 주워도 끝없는 쓰레기. 결국은 '줍기' 보다는 '배출 줄이기'에 초첨을 맞춰야 한다. 막연하게 생각하고 있던 쓰레기 문제가 피부로 확 와닿았다. 다음날 아파트에서 분리수거를 할 때 쓰레기가 정말 많다는 점을 새삼 깨달았다. 성인의 키보다 더 높이 쌓여있는 박스와 폐지들, 내 몸 5개는 들어갈 법한 포대에 꽉 들어찬 플라스틱들. 플로깅을 한번만 경험해봐도 이렇게 마음가짐이 많이 바뀌는 게 일반적이라고 한다. 황승용씨는 ""플로깅은 쓰레기 문제의 근본적 해결책은 아니지만 분명한 역할이 있다. 직접 그 많은 쓰레기를 보고 경험한 것과 안 한 것은 마음가짐에 큰 차이가 있다""며 ""우리가 소비와 라이프 스타일을 바꿀 수 있다면, 세상도 변할 수 있다. 쓰레기를 줄이기 위해 노력하는 사람들끼리의 연대가 만들어져야 한다""고 말했다.



그래도 연트럴파크는 아름다웠다./사진=최경민 기자
]"
"[베이비본죽, 친환경 플로깅 캠페인 ... 이유식 기부까지 이어져]",https://n.news.naver.com/mnews/article/417/0000837059?sid=101,"[
플로깅으로 지구를 지켜라 '아장아장 지지특공대'



프리미엄 영유아식 브랜드 베이비본죽이 '아장아장 지지특공대' 캠페인을 통해 총 1천개의 이유식을 후원했다. (베이비본죽 제공) 프리미엄 영유아식 브랜드 베이비본죽이 '아장아장 지지특공대' 캠페인을 통해 총 1천개의 이유식을 후원했다. '아장아장 지지특공대'는 '지구를 지켜라'라는 의미로, 지난 6월 베이비본죽이 진행한 친환경 플로깅 캠페인이다. 보호자와 아이가 함께 플로깅(조깅을 하면서 쓰레기를 줍는 활동)을 한 뒤, 개인 SNS를 통해 인증하면 적립금 등 보상이 이뤄졌다.특히, 소비자가 직접 응원의 마음을 담아 지지특공대 게시글에 남긴 '좋아요'와 댓글은 500만원 상당 1천개의 실온 이유식 후원으로 이어졌다. 베이비본죽은 캠페인 시작 당시 '좋아요'와 댓글 수에 따라 최대 1천개의 이유식을 기부하겠다는 공약을 밝혔는데, 최종적으로 총 1,186개의 응원이 모임에 따라 후원이 이뤄졌다.대한사회복지회에 전달된 이유식은 대한한부모협회, 광주영아일시보호소, 서울영아일시보호소를 통해 이유식이 필요한 저소득 한부모 가족, 입양대기 영유아 등에게 전달됐다. 베이비본죽은 플로깅 활동을 인증한 전원에게 베이비본죽 적립금을 지급했으며, 이와 더불어 5명의 우수대원을 선정해 공기청정 쿨시트를 사은품으로 제공했다. 한편, 베이비본죽은 대한사회복지회와 함께 취약계층 영유아 대상 이유식 나눔을 이어가고 있다. 지난해에는 1000만원 상당의 '행복냠냠키트' 150세트를 후원한 바 있다.한식 프랜차이즈 본아이에프의 '순수본' 영유아식사업본부 김진아 본부장은 ""'아장아장 지지특공대' 캠페인은 아이에게 자연스러운 환경 및 사회 교육이 가능했다는 점에서 더욱 뜻깊은 캠페인이었다""며 ""앞으로도 베이비본죽은 아이들이 살아갈 미래를 위해 친환경 캠페인은 물론 이유식 나눔을 지속하겠다""고 말했다.
]"
"[줍고, 줍고, 또 주웠다…담배꽁초에 질려버린 '플로깅' 4.48㎞]",https://n.news.naver.com/mnews/article/008/0004774359?sid=102,"[
			[편집자주] '찐'한 삶을 살고 있는 '찐'한 사람들을 인터뷰합니다. 유명한 사람이든, 무명의 사람이든 누구든 '찐'하게 만나겠습니다. '찐터뷰'의 모든 기사는 일체의 협찬 및 광고 없이 작성됩니다.[[찐터뷰 : ZZINTERVIEW]22-②전문가 조언 바탕으로 진행한 '플로깅' 체험기]



(서울=뉴스1) 이승배 기자 = 2019년 서울 강남구 KT&amp;G타워 앞에 서울환경운동연합이 담배꽁초로 만든 '담배꽁초 크리스마스 트리'. 담배꽁초는 우리골목길의 '빌런'임이 확실하다. 2019.12.23/뉴스1  ①관리하는 공원이나 등산로에는 상대적으로 쓰레기가 없다②도시의 쓰레기는 대부분 뒷골목에 있다③조깅하듯 뛰면서 플로깅을 하는 건 사실상 불가능하다④그만큼 쓰레기가 많기 때문이다⑤쓰레기 중에는 담배꽁초가 압도적이다⑥그러므로 할 수 있는 만큼만 쓰레기를 주워야 한다⑦플로깅을 마치고 나면 길거리에 쓰레기밖에 안 보인다조깅을 하며 쓰레기를 줍는 '플로깅'. 이를 수년째 하고 있는 활동가들이 인터뷰에서 공통적으로 언급한 내용이다. '찐터뷰'는 '와이퍼스'의 황승용씨, '프린지'의 이영근씨, '서울 하이킹'의 박상준씨에게 플로깅을 하는 이유, 방법에 대해 물어봤다. 가장 먼저 나의 몸과 마음이 건강해지기 때문에 한다는 대답, 그리고 그 다음으로 환경에 기여하는 뿌듯함이 있다는 대답이 돌아왔다. 플로깅을 할 때 △쓰레기를 얼마나 줍느냐에 연연하지 말고 △내가 감당할 수 있을 정도만 △운동을 하듯이 해보는 게 중요한 이유다.  



지난 20일 플로깅 루트. 왼쪽이 공원 안 플로깅, 오른쪽이 공원 밖 상가 플로깅.기자는 지난 20일 오전 서울 경의선숲길(연트럴파크)에서 플로깅 활동을 직접해봤다. 초보인 만큼 아직 사람들이 본격적으로 돌아다니기 전 시간을 잡아 '가능한 만큼'만 쓰레기를 주으며 조깅을 할 생각이었다. 경의선숲길 공원 안에서 한 차례, 그리고 주변 경의선숲길을 따라 나 있는 골목 상권에서 한 차례. 플로깅 자체는 총 45분24초 동안, 4.48㎞ 구간에서 이뤄졌다.우선 경의선숲길 안에서 조깅(가좌역→홍대입구역 방면)을 시작하려 했다. 집에서 애용하는 장바구니와 집게(플로깅 후 세척해 여전히 잘 쓰고 있다)를 한 손에 들었다. 날씨가 그렇게까지 덥진 않아서 컨디션도 좋았다. 경의선숲길에 가기까지 '힙'한 연남동 거리가 참 깔끔하고 아름답다 생각했다.경의선숲길에서 플로깅을 출발하려던 찰나 인공 연못 안에 아이스크림 봉지가 있는 것을 확인했다. 이런, 처음부터. 그렇게 아이스크림 봉지를 줍고 나서 다시 출발을 하려는데 바닥에 일회용 컵 홀더가 나뒹굴고 있었다. 그것까지 집어들고 이제 진짜로 출발. ""공원 안에는 별다른 쓰레기가 없다""고 한 활동가들의 말을 상기하며 달리다가 약 10초만에 멈춰섰다. 풀 사이에 놓여있는 자양강장제 병을 발견했기 때문이다. 누군가는 저걸 먹고 '사랑과 정열을 그대에게' 바치고 있겠지. 벌써 짜증이 나기 시작했다. 약간의 툴툴거림을 뒤로 하고 다시 뛰기 시작.



쓰레기 럭키박스. 참으로 감사합니다. /사진=최경민 기자지나가는 길에 빨대, 일회용 컵 홀더, 나무 젓가락 등이 발견됐다. 유동인구가 많은 홍대입구역으로 향할수록 더더욱 쓰레기가 많아졌다. 벤치 틈 사이에 과자봉지가 꼬깃꼬깃 은폐·엄폐하고 있는 것도 수거했다. '누구의 짓일까'라는 생각을 하면서도 '나 자신도 저런 짓을 하진 않았을까'라고 반성하게 됐다. 활동가들의 말대로 공원 안에는 쓰레기가 많이 없었다. 나름 조깅을 하는 듯한 기분을 느끼기도 했다. 간단한 쓰레기를 집고 곧바로 뛰면 조깅의 맥이 크게 끊기지도 않았다. 그 쓰레기 럭키박스를 만나기 전까지는.홍대입구역 앞에 도달하자 아주 예쁘게(?) 잘 싸여진 쓰레기가 있었다. 보냉백 안에 '그날의 피로는 그날에 풀어주는' 자양강장제 병, 담뱃갑과 꽁초, 플라스틱 빨대, 1회용 컵 등이 모두 담겨있었다. 누군가 보냉백을 버리고 갔고, 지나가는 행인들이 하나씩 하나씩 쓰레기를 추가한 게 분명했다. 이 럭키박스 덕에 들고 있는 쓰레기가 급격히 무거워졌다. ""플로깅이 조깅 보다 20~30% 정도 체력이 더 소비된다""는 황승용씨의 말이 이해가기 시작했다. 그렇게 홍대입구역을 지나 가좌역 쪽으로 돌아오는 길. 길바닥에서 담배꽁초 하나를 줍는데. 아아…벤치에 앉아있던 한 분이 과자 봉지로 추정되는 쓰레기를 바닥에 슥 버렸다. 활동가들이 '현타(현실 자각 타임)'를 느낀다는 그 상황을 생애 첫 플로깅에서 직면하게 됐다. 정말 운이 좋은 인생, 로또라도 살까라는 생각까지 했다. 그분이 버린 그 쓰레기는 줍지 않고 그냥 지나갔다.  



아유 예뻐라~담배꽁초 삼형제/사진=최경민 기자가좌역 방면에 도착한 후 쓰레기를 정리하고, 이번에는 경의선숲길 옆 상가과 주택들이 있는 골목으로 플로깅을 하기 시작했다. 출발과 동시에 경의선숲길 벤치 아래 있던 담배꽁초 3형제를 주웠다. 아주 가지런히 예쁘게 놓여있던 담배꽁초들이었다.연남동의 힙 플레이스에서 풍겨오는 향기로운 커피 냄새. 그럼에도 꿋꿋하게 플로깅을 이어갔다. 담배꽁초들이 보였다. 주웠다. 담배꽁초와 담뱃갑들이 널려있었다. 주웠다. 담배꽁초가 바닥에 짓이겨져있었다. 주웠다. 담배꽁초가 '나 잡아봐라'는 식으로  유인을 계속했다. 그래도 주웠다.지난주 '찐터뷰' 21화의 주인공인 에드워드 권 셰프의 명언이 떠올랐다. 한 요리경연 프로그램에서 너무 많은 닭뼈에 ""올 본즈, 어나더 본즈, 데어즈 어 랏 오브 XX 본즈(All bones, another bones, there's a lot of fxxxing bones)""라 하셨던 권 셰프님. '본즈'에 '담배꽁초'만 넣어 똑같이 외치고 싶었다.



어 랏 오브 fxxking꽁초…/사진=최경민 기자담배꽁초 러시는 '나홀로 플로깅'으로 감당할 수준이 아니었다. 왜 활동가들이 이구동성 담배꽁초가 가장 문제라고 하는지 알 것 같았다. 와이퍼스가 거리의 담배꽁초를 주워 담배회사에 보내는 '꽁초 어택'을 진행했던 이유도, 서울 하이킹이 담배꽁초 정크아트를 추진하는 이유도 100% 이해할 수 있었다. 저 담배꽁초에는 미세플라스틱의 주범인 필터도 달려있지 않은가.담배꽁초에 질려버린 기자는 홍대입구역 주변 골목에서 무더기로 보인 담배꽁초들을 외면하기 시작했다. 개인 운동이 될 수준의 쓰레기만, 감당할 수 있는 수준의 쓰레기만 주워야 한다는 명제를 다시 한번 떠올렸다. 홍대입구역 방면에서 다시 가좌역으로 올라오는 길은 그냥 빠르게 걸어왔다. 어차피 이 길의 왼편은 아파트 단지여서 더이상의 상가가 없기도 했다. 그렇게 얼렁뚱땅 도착한 출발지점. 한 숨을 돌릴 찰나에 쓰레기 하나가 딱 보였다. 담배꽁초. 이 무슨 수미쌍관인가. 그 사이에 누가 또 이곳에 담배꽁초를 버리고 간 것이었다.  



운명의 수미쌍관. 꽁초 엔딩./사진=최경민 기자플로깅을 마치며 집으로 돌아가던 길에는 처음 아침에 올 때 못봤던 것들이 눈에 들어오기 시작했다. 버스 정류장 앞에는 담배꽁초들이 즐비했다. 길 옆 풀더미에는 비닐들이 춤을 추고 있었다. 길 곳곳에 플라스틱 일회용 컵들이 은폐·엄폐를 하고 있었다. 플로깅 전과 후, 내가 바라본 연남동 거리는 그렇게 달랐다.주워도 주워도 끝없는 쓰레기. 결국은 '줍기' 보다는 '배출 줄이기'에 초첨을 맞춰야 한다. 막연하게 생각하고 있던 쓰레기 문제가 피부로 확 와닿았다. 다음날 아파트에서 분리수거를 할 때 쓰레기가 정말 많다는 점을 새삼 깨달았다. 성인의 키보다 더 높이 쌓여있는 박스와 폐지들, 내 몸 5개는 들어갈 법한 포대에 꽉 들어찬 플라스틱들. 플로깅을 한번만 경험해봐도 이렇게 마음가짐이 많이 바뀌는 게 일반적이라고 한다. 황승용씨는 ""플로깅은 쓰레기 문제의 근본적 해결책은 아니지만 분명한 역할이 있다. 직접 그 많은 쓰레기를 보고 경험한 것과 안 한 것은 마음가짐에 큰 차이가 있다""며 ""우리가 소비와 라이프 스타일을 바꿀 수 있다면, 세상도 변할 수 있다. 쓰레기를 줄이기 위해 노력하는 사람들끼리의 연대가 만들어져야 한다""고 말했다.



그래도 연트럴파크는 아름다웠다./사진=최경민 기자
]"
